ISO-10303-21;
HEADER;
/* Generated by software containing ST-Developer
 * from STEP Tools, Inc. (www.steptools.com) 
 */
/* OPTION: using custom renumber hook */

FILE_DESCRIPTION(
/* description */ ('STEP AP242 Edition 2',
'CAx-IF Rec.Pracs.---Representation and Presentation of Product Manufa
cturing Information (PMI)---4.0---2014-10-13',
'CAx-IF Rec.Pracs.---3D Tessellated Geometry---0.4---2014-09-14','2;1',
'CAx-IF Rec.Pracs.---User Defined Attributes---1.5---2016-08-15'),
/* implementation_level */ '2;1');

FILE_NAME(
/* name */ 'droop4 - bottom',
/* time_stamp */ '2026-07-21T14:04:22Z',
/* author */ (''),
/* organization */ (''),
/* preprocessor_version */ 'ST-DEVELOPER v20',
/* originating_system */ 'ONSHAPE BY PTC INC, 1.218',
/* authorisation */ '  ');

FILE_SCHEMA (('AP242_MANAGED_MODEL_BASED_3D_ENGINEERING_MIM_LF { 1 0 10303 442 3 1 4 }'));
ENDSEC;

DATA;
#10=SHAPE_REPRESENTATION_RELATIONSHIP('','',#1207,#11);
#11=ADVANCED_BREP_SHAPE_REPRESENTATION('',(#1205),#2161);
#12=TOROIDAL_SURFACE('',#1326,0.0253660254037844,0.001);
#13=TOROIDAL_SURFACE('',#1329,0.0253660254037844,0.001);
#14=TOROIDAL_SURFACE('',#1332,0.0253660254037844,0.001);
#15=TOROIDAL_SURFACE('',#1333,0.0253660254037844,0.001);
#16=LINE('',#1909,#88);
#17=LINE('',#1912,#89);
#18=LINE('',#1914,#90);
#19=LINE('',#1916,#91);
#20=LINE('',#1918,#92);
#21=LINE('',#1920,#93);
#22=LINE('',#1922,#94);
#23=LINE('',#1924,#95);
#24=LINE('',#1927,#96);
#25=LINE('',#1929,#97);
#26=LINE('',#1931,#98);
#27=LINE('',#1933,#99);
#28=LINE('',#1935,#100);
#29=LINE('',#1937,#101);
#30=LINE('',#1939,#102);
#31=LINE('',#1942,#103);
#32=LINE('',#1946,#104);
#33=LINE('',#1955,#105);
#34=LINE('',#1958,#106);
#35=LINE('',#1962,#107);
#36=LINE('',#1963,#108);
#37=LINE('',#1966,#109);
#38=LINE('',#1970,#110);
#39=LINE('',#1972,#111);
#40=LINE('',#1975,#112);
#41=LINE('',#1987,#113);
#42=LINE('',#1991,#114);
#43=LINE('',#2011,#115);
#44=LINE('',#2015,#116);
#45=LINE('',#2017,#117);
#46=LINE('',#2018,#118);
#47=LINE('',#2020,#119);
#48=LINE('',#2022,#120);
#49=LINE('',#2024,#121);
#50=LINE('',#2026,#122);
#51=LINE('',#2030,#123);
#52=LINE('',#2032,#124);
#53=LINE('',#2034,#125);
#54=LINE('',#2035,#126);
#55=LINE('',#2037,#127);
#56=LINE('',#2039,#128);
#57=LINE('',#2041,#129);
#58=LINE('',#2044,#130);
#59=LINE('',#2046,#131);
#60=LINE('',#2048,#132);
#61=LINE('',#2050,#133);
#62=LINE('',#2051,#134);
#63=LINE('',#2056,#135);
#64=LINE('',#2060,#136);
#65=LINE('',#2062,#137);
#66=LINE('',#2064,#138);
#67=LINE('',#2066,#139);
#68=LINE('',#2068,#140);
#69=LINE('',#2069,#141);
#70=LINE('',#2071,#142);
#71=LINE('',#2073,#143);
#72=LINE('',#2075,#144);
#73=LINE('',#2078,#145);
#74=LINE('',#2079,#146);
#75=LINE('',#2081,#147);
#76=LINE('',#2082,#148);
#77=LINE('',#2095,#149);
#78=LINE('',#2100,#150);
#79=LINE('',#2102,#151);
#80=LINE('',#2104,#152);
#81=LINE('',#2130,#153);
#82=LINE('',#2132,#154);
#83=LINE('',#2136,#155);
#84=LINE('',#2139,#156);
#85=LINE('',#2140,#157);
#86=LINE('',#2143,#158);
#87=LINE('',#2144,#159);
#88=VECTOR('',#1416,1.);
#89=VECTOR('',#1417,1.);
#90=VECTOR('',#1418,1.);
#91=VECTOR('',#1419,1.);
#92=VECTOR('',#1420,1.);
#93=VECTOR('',#1421,1.);
#94=VECTOR('',#1422,1.);
#95=VECTOR('',#1425,1.);
#96=VECTOR('',#1426,1.);
#97=VECTOR('',#1427,1.);
#98=VECTOR('',#1428,1.);
#99=VECTOR('',#1429,1.);
#100=VECTOR('',#1430,1.);
#101=VECTOR('',#1431,1.);
#102=VECTOR('',#1434,1.);
#103=VECTOR('',#1435,1.);
#104=VECTOR('',#1438,1.);
#105=VECTOR('',#1447,1.);
#106=VECTOR('',#1448,1.);
#107=VECTOR('',#1451,1.);
#108=VECTOR('',#1452,1.);
#109=VECTOR('',#1453,1.);
#110=VECTOR('',#1456,1.);
#111=VECTOR('',#1459,1.);
#112=VECTOR('',#1460,1.);
#113=VECTOR('',#1467,1.);
#114=VECTOR('',#1470,1.);
#115=VECTOR('',#1475,1.);
#116=VECTOR('',#1478,1.);
#117=VECTOR('',#1481,1.);
#118=VECTOR('',#1482,1.);
#119=VECTOR('',#1485,1.);
#120=VECTOR('',#1486,1.);
#121=VECTOR('',#1487,1.);
#122=VECTOR('',#1490,1.);
#123=VECTOR('',#1495,1.);
#124=VECTOR('',#1496,1.);
#125=VECTOR('',#1499,1.);
#126=VECTOR('',#1500,1.);
#127=VECTOR('',#1501,1.);
#128=VECTOR('',#1502,1.);
#129=VECTOR('',#1505,1.);
#130=VECTOR('',#1506,1.);
#131=VECTOR('',#1507,1.);
#132=VECTOR('',#1508,1.);
#133=VECTOR('',#1509,1.);
#134=VECTOR('',#1510,1.);
#135=VECTOR('',#1519,1.);
#136=VECTOR('',#1522,1.);
#137=VECTOR('',#1525,1.);
#138=VECTOR('',#1526,1.);
#139=VECTOR('',#1529,1.);
#140=VECTOR('',#1530,1.);
#141=VECTOR('',#1531,1.);
#142=VECTOR('',#1532,1.);
#143=VECTOR('',#1533,1.);
#144=VECTOR('',#1536,1.);
#145=VECTOR('',#1537,1.);
#146=VECTOR('',#1538,1.);
#147=VECTOR('',#1539,1.);
#148=VECTOR('',#1540,1.);
#149=VECTOR('',#1559,1.);
#150=VECTOR('',#1566,1.);
#151=VECTOR('',#1569,1.);
#152=VECTOR('',#1572,1.);
#153=VECTOR('',#1613,1.);
#154=VECTOR('',#1616,1.);
#155=VECTOR('',#1621,1.);
#156=VECTOR('',#1626,1.);
#157=VECTOR('',#1627,1.);
#158=VECTOR('',#1632,1.);
#159=VECTOR('',#1633,1.);
#160=PLANE('',#1241);
#161=PLANE('',#1247);
#162=PLANE('',#1248);
#163=PLANE('',#1249);
#164=PLANE('',#1257);
#165=PLANE('',#1265);
#166=PLANE('',#1266);
#167=PLANE('',#1269);
#168=PLANE('',#1270);
#169=PLANE('',#1271);
#170=PLANE('',#1277);
#171=PLANE('',#1278);
#172=PLANE('',#1279);
#173=PLANE('',#1288);
#174=PLANE('',#1291);
#175=PLANE('',#1292);
#176=PLANE('',#1293);
#177=PLANE('',#1296);
#178=PLANE('',#1299);
#179=PLANE('',#1302);
#180=PLANE('',#1305);
#181=PLANE('',#1306);
#182=PLANE('',#1316);
#183=PLANE('',#1317);
#184=PLANE('',#1318);
#185=PLANE('',#1319);
#186=PLANE('',#1320);
#187=PLANE('',#1321);
#188=PLANE('',#1322);
#189=PLANE('',#1323);
#190=CYLINDRICAL_SURFACE('',#1225,0.00275);
#191=CYLINDRICAL_SURFACE('',#1227,0.00275);
#192=CYLINDRICAL_SURFACE('',#1229,0.00275);
#193=CYLINDRICAL_SURFACE('',#1231,0.00275);
#194=CYLINDRICAL_SURFACE('',#1233,0.00275);
#195=CYLINDRICAL_SURFACE('',#1235,0.00275);
#196=CYLINDRICAL_SURFACE('',#1237,0.00275);
#197=CYLINDRICAL_SURFACE('',#1239,0.00275);
#198=CYLINDRICAL_SURFACE('',#1259,0.03175);
#199=CYLINDRICAL_SURFACE('',#1263,0.0302500000000045);
#200=CYLINDRICAL_SURFACE('',#1267,0.0021);
#201=CYLINDRICAL_SURFACE('',#1272,0.0018);
#202=CYLINDRICAL_SURFACE('',#1275,0.0021);
#203=CYLINDRICAL_SURFACE('',#1280,0.0018);
#204=CYLINDRICAL_SURFACE('',#1282,0.00125);
#205=CYLINDRICAL_SURFACE('',#1284,0.00125);
#206=CYLINDRICAL_SURFACE('',#1286,0.00125);
#207=CYLINDRICAL_SURFACE('',#1289,0.00125);
#208=CYLINDRICAL_SURFACE('',#1294,0.00275);
#209=CYLINDRICAL_SURFACE('',#1297,0.00275);
#210=CYLINDRICAL_SURFACE('',#1300,0.00275);
#211=CYLINDRICAL_SURFACE('',#1303,0.00275);
#212=CYLINDRICAL_SURFACE('',#1312,0.0013);
#213=CYLINDRICAL_SURFACE('',#1314,0.0013);
#214=B_SPLINE_CURVE_WITH_KNOTS('',3,(#1671,#1672,#1673,#1674,#1675,#1676,
#1677,#1678),.UNSPECIFIED.,.F.,.F.,(4,1,1,1,1,4),(2.84981431277283E-7,0.000310400568373558,
0.000620516155315839,0.0012407473292004,0.00186097850308496,0.00248120967696952),
 .UNSPECIFIED.);
#215=B_SPLINE_CURVE_WITH_KNOTS('',3,(#1682,#1683,#1684,#1685,#1686,#1687,
#1688,#1689),.UNSPECIFIED.,.F.,.F.,(4,1,1,1,1,4),(3.15632304128069E-7,0.00061636316253426,
0.00123241069276439,0.00184845822299452,0.00215648198810959,0.00246450575322466),
 .UNSPECIFIED.);
#216=B_SPLINE_CURVE_WITH_KNOTS('',3,(#1696,#1697,#1698,#1699,#1700,#1701,
#1702,#1703),.UNSPECIFIED.,.F.,.F.,(4,1,1,1,1,4),(2.84981431271971E-7,0.000310400568373566,
0.000620516155315861,0.00124074732920045,0.00186097850308504,0.00248120967696963),
 .UNSPECIFIED.);
#217=B_SPLINE_CURVE_WITH_KNOTS('',3,(#1707,#1708,#1709,#1710,#1711,#1712,
#1713,#1714),.UNSPECIFIED.,.F.,.F.,(4,1,1,1,1,4),(3.1563230405644E-7,0.000616363162534185,
0.00123241069276431,0.00184845822299444,0.00215648198810951,0.00246450575322457),
 .UNSPECIFIED.);
#218=B_SPLINE_CURVE_WITH_KNOTS('',3,(#1721,#1722,#1723,#1724,#1725,#1726,
#1727,#1728),.UNSPECIFIED.,.F.,.F.,(4,1,1,1,1,4),(3.15632304070575E-7,0.000616363162534198,
0.00123241069276433,0.00184845822299445,0.00215648198810952,0.00246450575322458),
 .UNSPECIFIED.);
#219=B_SPLINE_CURVE_WITH_KNOTS('',3,(#1732,#1733,#1734,#1735,#1736,#1737,
#1738,#1739),.UNSPECIFIED.,.F.,.F.,(4,1,1,1,1,4),(2.84981431278892E-7,0.000310400568373571,
0.000620516155315864,0.00124074732920045,0.00186097850308503,0.00248120967696962),
 .UNSPECIFIED.);
#220=B_SPLINE_CURVE_WITH_KNOTS('',3,(#1746,#1747,#1748,#1749,#1750,#1751,
#1752,#1753),.UNSPECIFIED.,.F.,.F.,(4,1,1,1,1,4),(3.1563230411448E-7,0.00061636316253424,
0.00123241069276437,0.00184845822299449,0.00215648198810955,0.00246450575322462),
 .UNSPECIFIED.);
#221=B_SPLINE_CURVE_WITH_KNOTS('',3,(#1757,#1758,#1759,#1760,#1761,#1762,
#1763,#1764),.UNSPECIFIED.,.F.,.F.,(4,1,1,1,1,4),(2.84981431304319E-7,0.000310400568373599,
0.000620516155315893,0.00124074732920048,0.00186097850308507,0.00248120967696966),
 .UNSPECIFIED.);
#222=B_SPLINE_CURVE_WITH_KNOTS('',3,(#1769,#1770,#1771,#1772),
 .UNSPECIFIED.,.F.,.F.,(4,4),(2.28287476390755E-7,0.00104279790216736),
 .UNSPECIFIED.);
#223=B_SPLINE_CURVE_WITH_KNOTS('',3,(#1773,#1774,#1775,#1776),
 .UNSPECIFIED.,.F.,.F.,(4,4),(2.28287476411118E-7,0.00104279790216734),
 .UNSPECIFIED.);
#224=B_SPLINE_CURVE_WITH_KNOTS('',3,(#1778,#1779,#1780,#1781),
 .UNSPECIFIED.,.F.,.F.,(4,4),(2.44168326056899E-7,0.000975338543524523),
 .UNSPECIFIED.);
#225=B_SPLINE_CURVE_WITH_KNOTS('',3,(#1784,#1785,#1786,#1787),
 .UNSPECIFIED.,.F.,.F.,(4,4),(0.000897777248925968,0.00110505666977751),
 .UNSPECIFIED.);
#226=B_SPLINE_CURVE_WITH_KNOTS('',3,(#1788,#1789,#1790,#1791),
 .UNSPECIFIED.,.F.,.F.,(4,4),(2.62582850395613E-7,0.000208418929391012),
 .UNSPECIFIED.);
#227=B_SPLINE_CURVE_WITH_KNOTS('',3,(#1793,#1794,#1795,#1796),
 .UNSPECIFIED.,.F.,.F.,(4,4),(2.27797973758992E-7,0.000975322173172228),
 .UNSPECIFIED.);
#228=B_SPLINE_CURVE_WITH_KNOTS('',3,(#1803,#1804,#1805,#1806),
 .UNSPECIFIED.,.F.,.F.,(4,4),(2.28287476409494E-7,0.00104279790216734),
 .UNSPECIFIED.);
#229=B_SPLINE_CURVE_WITH_KNOTS('',3,(#1807,#1808,#1809,#1810),
 .UNSPECIFIED.,.F.,.F.,(4,4),(2.2828747642083E-7,0.00104279790216734),
 .UNSPECIFIED.);
#230=B_SPLINE_CURVE_WITH_KNOTS('',3,(#1812,#1813,#1814,#1815),
 .UNSPECIFIED.,.F.,.F.,(4,4),(2.44168326050227E-7,0.00097533854352452),
 .UNSPECIFIED.);
#231=B_SPLINE_CURVE_WITH_KNOTS('',3,(#1818,#1819,#1820,#1821),
 .UNSPECIFIED.,.F.,.F.,(4,4),(0.000897777248926481,0.00110505666977802),
 .UNSPECIFIED.);
#232=B_SPLINE_CURVE_WITH_KNOTS('',3,(#1822,#1823,#1824,#1825),
 .UNSPECIFIED.,.F.,.F.,(4,4),(2.62582850916191E-7,0.000208418929391518),
 .UNSPECIFIED.);
#233=B_SPLINE_CURVE_WITH_KNOTS('',3,(#1827,#1828,#1829,#1830),
 .UNSPECIFIED.,.F.,.F.,(4,4),(2.27797973764779E-7,0.000975322173172231),
 .UNSPECIFIED.);
#234=B_SPLINE_CURVE_WITH_KNOTS('',3,(#1837,#1838,#1839,#1840),
 .UNSPECIFIED.,.F.,.F.,(4,4),(2.28287476396464E-7,0.00104279790216734),
 .UNSPECIFIED.);
#235=B_SPLINE_CURVE_WITH_KNOTS('',3,(#1841,#1842,#1843,#1844),
 .UNSPECIFIED.,.F.,.F.,(4,4),(2.28287476392632E-7,0.00104279790216733),
 .UNSPECIFIED.);
#236=B_SPLINE_CURVE_WITH_KNOTS('',3,(#1846,#1847,#1848,#1849),
 .UNSPECIFIED.,.F.,.F.,(4,4),(2.44168326058812E-7,0.000975338543524517),
 .UNSPECIFIED.);
#237=B_SPLINE_CURVE_WITH_KNOTS('',3,(#1852,#1853,#1854,#1855),
 .UNSPECIFIED.,.F.,.F.,(4,4),(0.00089777724892696,0.0011050566697785),
 .UNSPECIFIED.);
#238=B_SPLINE_CURVE_WITH_KNOTS('',3,(#1856,#1857,#1858,#1859),
 .UNSPECIFIED.,.F.,.F.,(4,4),(2.62582850173951E-7,0.000208418929390788),
 .UNSPECIFIED.);
#239=B_SPLINE_CURVE_WITH_KNOTS('',3,(#1861,#1862,#1863,#1864),
 .UNSPECIFIED.,.F.,.F.,(4,4),(2.27797973750035E-7,0.000975322173172214),
 .UNSPECIFIED.);
#240=B_SPLINE_CURVE_WITH_KNOTS('',3,(#1871,#1872,#1873,#1874),
 .UNSPECIFIED.,.F.,.F.,(4,4),(2.28287476391008E-7,0.00104279790216733),
 .UNSPECIFIED.);
#241=B_SPLINE_CURVE_WITH_KNOTS('',3,(#1875,#1876,#1877,#1878),
 .UNSPECIFIED.,.F.,.F.,(4,4),(2.28287476399711E-7,0.00104279790216734),
 .UNSPECIFIED.);
#242=B_SPLINE_CURVE_WITH_KNOTS('',3,(#1880,#1881,#1882,#1883),
 .UNSPECIFIED.,.F.,.F.,(4,4),(2.44168326060435E-7,0.000975338543524508),
 .UNSPECIFIED.);
#243=B_SPLINE_CURVE_WITH_KNOTS('',3,(#1886,#1887,#1888,#1889),
 .UNSPECIFIED.,.F.,.F.,(4,4),(0.000897777248926266,0.00110505666977783),
 .UNSPECIFIED.);
#244=B_SPLINE_CURVE_WITH_KNOTS('',3,(#1890,#1891,#1892,#1893),
 .UNSPECIFIED.,.F.,.F.,(4,4),(2.6258284988847E-7,0.000208418929390488),
 .UNSPECIFIED.);
#245=B_SPLINE_CURVE_WITH_KNOTS('',3,(#1895,#1896,#1897,#1898),
 .UNSPECIFIED.,.F.,.F.,(4,4),(2.2779797377058E-7,0.000975322173172239),
 .UNSPECIFIED.);
#246=B_SPLINE_CURVE_WITH_KNOTS('',3,(#1980,#1981,#1982,#1983,#1984),
 .UNSPECIFIED.,.F.,.F.,(4,1,4),(0.,0.00101901563135959,0.00203803126271918),
 .UNSPECIFIED.);
#247=B_SPLINE_CURVE_WITH_KNOTS('',3,(#1993,#1994,#1995,#1996,#1997),
 .UNSPECIFIED.,.F.,.F.,(4,1,4),(0.,0.00101901647802977,0.00203803295605953),
 .UNSPECIFIED.);
#248=B_SPLINE_CURVE_WITH_KNOTS('',3,(#2001,#2002,#2003,#2004),
 .UNSPECIFIED.,.F.,.F.,(4,4),(0.,0.00140798869827312),.UNSPECIFIED.);
#249=B_SPLINE_CURVE_WITH_KNOTS('',3,(#2006,#2007,#2008,#2009),
 .UNSPECIFIED.,.F.,.F.,(4,4),(0.,0.00140770622232167),.UNSPECIFIED.);
#250=ORIENTED_EDGE('',*,*,#586,.F.);
#251=ORIENTED_EDGE('',*,*,#587,.F.);
#252=ORIENTED_EDGE('',*,*,#588,.T.);
#253=ORIENTED_EDGE('',*,*,#589,.F.);
#254=ORIENTED_EDGE('',*,*,#590,.T.);
#255=ORIENTED_EDGE('',*,*,#591,.F.);
#256=ORIENTED_EDGE('',*,*,#592,.F.);
#257=ORIENTED_EDGE('',*,*,#593,.T.);
#258=ORIENTED_EDGE('',*,*,#594,.F.);
#259=ORIENTED_EDGE('',*,*,#595,.T.);
#260=ORIENTED_EDGE('',*,*,#596,.F.);
#261=ORIENTED_EDGE('',*,*,#597,.F.);
#262=ORIENTED_EDGE('',*,*,#598,.T.);
#263=ORIENTED_EDGE('',*,*,#599,.F.);
#264=ORIENTED_EDGE('',*,*,#600,.T.);
#265=ORIENTED_EDGE('',*,*,#601,.F.);
#266=ORIENTED_EDGE('',*,*,#602,.F.);
#267=ORIENTED_EDGE('',*,*,#603,.T.);
#268=ORIENTED_EDGE('',*,*,#604,.F.);
#269=ORIENTED_EDGE('',*,*,#605,.T.);
#270=ORIENTED_EDGE('',*,*,#606,.T.);
#271=ORIENTED_EDGE('',*,*,#607,.T.);
#272=ORIENTED_EDGE('',*,*,#602,.T.);
#273=ORIENTED_EDGE('',*,*,#608,.T.);
#274=ORIENTED_EDGE('',*,*,#609,.T.);
#275=ORIENTED_EDGE('',*,*,#610,.T.);
#276=ORIENTED_EDGE('',*,*,#604,.T.);
#277=ORIENTED_EDGE('',*,*,#611,.T.);
#278=ORIENTED_EDGE('',*,*,#612,.T.);
#279=ORIENTED_EDGE('',*,*,#613,.T.);
#280=ORIENTED_EDGE('',*,*,#614,.T.);
#281=ORIENTED_EDGE('',*,*,#615,.T.);
#282=ORIENTED_EDGE('',*,*,#597,.T.);
#283=ORIENTED_EDGE('',*,*,#616,.T.);
#284=ORIENTED_EDGE('',*,*,#617,.T.);
#285=ORIENTED_EDGE('',*,*,#618,.T.);
#286=ORIENTED_EDGE('',*,*,#599,.T.);
#287=ORIENTED_EDGE('',*,*,#619,.T.);
#288=ORIENTED_EDGE('',*,*,#620,.T.);
#289=ORIENTED_EDGE('',*,*,#621,.T.);
#290=ORIENTED_EDGE('',*,*,#622,.T.);
#291=ORIENTED_EDGE('',*,*,#623,.T.);
#292=ORIENTED_EDGE('',*,*,#594,.T.);
#293=ORIENTED_EDGE('',*,*,#624,.T.);
#294=ORIENTED_EDGE('',*,*,#625,.T.);
#295=ORIENTED_EDGE('',*,*,#626,.T.);
#296=ORIENTED_EDGE('',*,*,#592,.T.);
#297=ORIENTED_EDGE('',*,*,#627,.T.);
#298=ORIENTED_EDGE('',*,*,#628,.T.);
#299=ORIENTED_EDGE('',*,*,#629,.T.);
#300=ORIENTED_EDGE('',*,*,#630,.T.);
#301=ORIENTED_EDGE('',*,*,#631,.T.);
#302=ORIENTED_EDGE('',*,*,#589,.T.);
#303=ORIENTED_EDGE('',*,*,#632,.T.);
#304=ORIENTED_EDGE('',*,*,#633,.T.);
#305=ORIENTED_EDGE('',*,*,#634,.T.);
#306=ORIENTED_EDGE('',*,*,#587,.T.);
#307=ORIENTED_EDGE('',*,*,#635,.T.);
#308=ORIENTED_EDGE('',*,*,#636,.T.);
#309=ORIENTED_EDGE('',*,*,#637,.T.);
#310=ORIENTED_EDGE('',*,*,#638,.T.);
#311=ORIENTED_EDGE('',*,*,#639,.F.);
#312=ORIENTED_EDGE('',*,*,#637,.F.);
#313=ORIENTED_EDGE('',*,*,#640,.F.);
#314=ORIENTED_EDGE('',*,*,#629,.F.);
#315=ORIENTED_EDGE('',*,*,#641,.F.);
#316=ORIENTED_EDGE('',*,*,#621,.F.);
#317=ORIENTED_EDGE('',*,*,#642,.F.);
#318=ORIENTED_EDGE('',*,*,#613,.F.);
#319=ORIENTED_EDGE('',*,*,#643,.T.);
#320=ORIENTED_EDGE('',*,*,#644,.T.);
#321=ORIENTED_EDGE('',*,*,#645,.F.);
#322=ORIENTED_EDGE('',*,*,#646,.T.);
#323=ORIENTED_EDGE('',*,*,#647,.T.);
#324=ORIENTED_EDGE('',*,*,#648,.F.);
#325=ORIENTED_EDGE('',*,*,#649,.F.);
#326=ORIENTED_EDGE('',*,*,#650,.T.);
#327=ORIENTED_EDGE('',*,*,#651,.T.);
#328=ORIENTED_EDGE('',*,*,#652,.F.);
#329=ORIENTED_EDGE('',*,*,#653,.T.);
#330=ORIENTED_EDGE('',*,*,#654,.T.);
#331=ORIENTED_EDGE('',*,*,#655,.F.);
#332=ORIENTED_EDGE('',*,*,#656,.F.);
#333=ORIENTED_EDGE('',*,*,#657,.T.);
#334=ORIENTED_EDGE('',*,*,#658,.T.);
#335=ORIENTED_EDGE('',*,*,#659,.F.);
#336=ORIENTED_EDGE('',*,*,#660,.T.);
#337=ORIENTED_EDGE('',*,*,#661,.T.);
#338=ORIENTED_EDGE('',*,*,#662,.T.);
#339=ORIENTED_EDGE('',*,*,#663,.T.);
#340=ORIENTED_EDGE('',*,*,#664,.T.);
#341=ORIENTED_EDGE('',*,*,#665,.F.);
#342=ORIENTED_EDGE('',*,*,#666,.F.);
#343=ORIENTED_EDGE('',*,*,#667,.F.);
#344=ORIENTED_EDGE('',*,*,#668,.T.);
#345=ORIENTED_EDGE('',*,*,#669,.F.);
#346=ORIENTED_EDGE('',*,*,#670,.F.);
#347=ORIENTED_EDGE('',*,*,#671,.T.);
#348=ORIENTED_EDGE('',*,*,#672,.T.);
#349=ORIENTED_EDGE('',*,*,#673,.T.);
#350=ORIENTED_EDGE('',*,*,#674,.T.);
#351=ORIENTED_EDGE('',*,*,#650,.F.);
#352=ORIENTED_EDGE('',*,*,#675,.F.);
#353=ORIENTED_EDGE('',*,*,#676,.T.);
#354=ORIENTED_EDGE('',*,*,#677,.F.);
#355=ORIENTED_EDGE('',*,*,#678,.F.);
#356=ORIENTED_EDGE('',*,*,#679,.T.);
#357=ORIENTED_EDGE('',*,*,#680,.T.);
#358=ORIENTED_EDGE('',*,*,#681,.F.);
#359=ORIENTED_EDGE('',*,*,#682,.F.);
#360=ORIENTED_EDGE('',*,*,#683,.F.);
#361=ORIENTED_EDGE('',*,*,#659,.T.);
#362=ORIENTED_EDGE('',*,*,#684,.F.);
#363=ORIENTED_EDGE('',*,*,#685,.F.);
#364=ORIENTED_EDGE('',*,*,#686,.F.);
#365=ORIENTED_EDGE('',*,*,#687,.T.);
#366=ORIENTED_EDGE('',*,*,#686,.T.);
#367=ORIENTED_EDGE('',*,*,#688,.T.);
#368=ORIENTED_EDGE('',*,*,#679,.F.);
#369=ORIENTED_EDGE('',*,*,#689,.F.);
#370=ORIENTED_EDGE('',*,*,#690,.T.);
#371=ORIENTED_EDGE('',*,*,#691,.T.);
#372=ORIENTED_EDGE('',*,*,#692,.F.);
#373=ORIENTED_EDGE('',*,*,#668,.F.);
#374=ORIENTED_EDGE('',*,*,#693,.T.);
#375=ORIENTED_EDGE('',*,*,#694,.F.);
#376=ORIENTED_EDGE('',*,*,#690,.F.);
#377=ORIENTED_EDGE('',*,*,#667,.T.);
#378=ORIENTED_EDGE('',*,*,#695,.T.);
#379=ORIENTED_EDGE('',*,*,#696,.F.);
#380=ORIENTED_EDGE('',*,*,#693,.F.);
#381=ORIENTED_EDGE('',*,*,#666,.T.);
#382=ORIENTED_EDGE('',*,*,#695,.F.);
#383=ORIENTED_EDGE('',*,*,#665,.T.);
#384=ORIENTED_EDGE('',*,*,#692,.T.);
#385=ORIENTED_EDGE('',*,*,#697,.F.);
#386=ORIENTED_EDGE('',*,*,#647,.F.);
#387=ORIENTED_EDGE('',*,*,#698,.F.);
#388=ORIENTED_EDGE('',*,*,#699,.T.);
#389=ORIENTED_EDGE('',*,*,#700,.T.);
#390=ORIENTED_EDGE('',*,*,#701,.T.);
#391=ORIENTED_EDGE('',*,*,#702,.T.);
#392=ORIENTED_EDGE('',*,*,#703,.F.);
#393=ORIENTED_EDGE('',*,*,#704,.T.);
#394=ORIENTED_EDGE('',*,*,#705,.T.);
#395=ORIENTED_EDGE('',*,*,#699,.F.);
#396=ORIENTED_EDGE('',*,*,#706,.F.);
#397=ORIENTED_EDGE('',*,*,#649,.T.);
#398=ORIENTED_EDGE('',*,*,#707,.T.);
#399=ORIENTED_EDGE('',*,*,#704,.F.);
#400=ORIENTED_EDGE('',*,*,#708,.F.);
#401=ORIENTED_EDGE('',*,*,#709,.T.);
#402=ORIENTED_EDGE('',*,*,#710,.T.);
#403=ORIENTED_EDGE('',*,*,#711,.F.);
#404=ORIENTED_EDGE('',*,*,#671,.F.);
#405=ORIENTED_EDGE('',*,*,#712,.T.);
#406=ORIENTED_EDGE('',*,*,#713,.F.);
#407=ORIENTED_EDGE('',*,*,#709,.F.);
#408=ORIENTED_EDGE('',*,*,#670,.T.);
#409=ORIENTED_EDGE('',*,*,#712,.F.);
#410=ORIENTED_EDGE('',*,*,#669,.T.);
#411=ORIENTED_EDGE('',*,*,#714,.T.);
#412=ORIENTED_EDGE('',*,*,#715,.F.);
#413=ORIENTED_EDGE('',*,*,#654,.F.);
#414=ORIENTED_EDGE('',*,*,#716,.F.);
#415=ORIENTED_EDGE('',*,*,#717,.T.);
#416=ORIENTED_EDGE('',*,*,#718,.T.);
#417=ORIENTED_EDGE('',*,*,#719,.T.);
#418=ORIENTED_EDGE('',*,*,#720,.T.);
#419=ORIENTED_EDGE('',*,*,#673,.F.);
#420=ORIENTED_EDGE('',*,*,#721,.T.);
#421=ORIENTED_EDGE('',*,*,#722,.T.);
#422=ORIENTED_EDGE('',*,*,#717,.F.);
#423=ORIENTED_EDGE('',*,*,#723,.F.);
#424=ORIENTED_EDGE('',*,*,#656,.T.);
#425=ORIENTED_EDGE('',*,*,#724,.F.);
#426=ORIENTED_EDGE('',*,*,#721,.F.);
#427=ORIENTED_EDGE('',*,*,#675,.T.);
#428=ORIENTED_EDGE('',*,*,#591,.T.);
#429=ORIENTED_EDGE('',*,*,#725,.T.);
#430=ORIENTED_EDGE('',*,*,#596,.T.);
#431=ORIENTED_EDGE('',*,*,#726,.T.);
#432=ORIENTED_EDGE('',*,*,#601,.T.);
#433=ORIENTED_EDGE('',*,*,#727,.T.);
#434=ORIENTED_EDGE('',*,*,#711,.T.);
#435=ORIENTED_EDGE('',*,*,#728,.T.);
#436=ORIENTED_EDGE('',*,*,#714,.F.);
#437=ORIENTED_EDGE('',*,*,#672,.F.);
#438=ORIENTED_EDGE('',*,*,#586,.T.);
#439=ORIENTED_EDGE('',*,*,#729,.T.);
#440=ORIENTED_EDGE('',*,*,#703,.T.);
#441=ORIENTED_EDGE('',*,*,#730,.T.);
#442=ORIENTED_EDGE('',*,*,#643,.F.);
#443=ORIENTED_EDGE('',*,*,#708,.T.);
#444=ORIENTED_EDGE('',*,*,#685,.T.);
#445=ORIENTED_EDGE('',*,*,#731,.F.);
#446=ORIENTED_EDGE('',*,*,#680,.F.);
#447=ORIENTED_EDGE('',*,*,#688,.F.);
#448=ORIENTED_EDGE('',*,*,#689,.T.);
#449=ORIENTED_EDGE('',*,*,#678,.T.);
#450=ORIENTED_EDGE('',*,*,#732,.T.);
#451=ORIENTED_EDGE('',*,*,#687,.F.);
#452=ORIENTED_EDGE('',*,*,#733,.F.);
#453=ORIENTED_EDGE('',*,*,#664,.F.);
#454=ORIENTED_EDGE('',*,*,#733,.T.);
#455=ORIENTED_EDGE('',*,*,#727,.F.);
#456=ORIENTED_EDGE('',*,*,#734,.F.);
#457=ORIENTED_EDGE('',*,*,#663,.F.);
#458=ORIENTED_EDGE('',*,*,#734,.T.);
#459=ORIENTED_EDGE('',*,*,#726,.F.);
#460=ORIENTED_EDGE('',*,*,#735,.F.);
#461=ORIENTED_EDGE('',*,*,#662,.F.);
#462=ORIENTED_EDGE('',*,*,#735,.T.);
#463=ORIENTED_EDGE('',*,*,#725,.F.);
#464=ORIENTED_EDGE('',*,*,#736,.F.);
#465=ORIENTED_EDGE('',*,*,#661,.F.);
#466=ORIENTED_EDGE('',*,*,#736,.T.);
#467=ORIENTED_EDGE('',*,*,#729,.F.);
#468=ORIENTED_EDGE('',*,*,#630,.F.);
#469=ORIENTED_EDGE('',*,*,#737,.T.);
#470=ORIENTED_EDGE('',*,*,#606,.F.);
#471=ORIENTED_EDGE('',*,*,#738,.T.);
#472=ORIENTED_EDGE('',*,*,#614,.F.);
#473=ORIENTED_EDGE('',*,*,#739,.T.);
#474=ORIENTED_EDGE('',*,*,#622,.F.);
#475=ORIENTED_EDGE('',*,*,#740,.T.);
#476=ORIENTED_EDGE('',*,*,#710,.F.);
#477=ORIENTED_EDGE('',*,*,#713,.T.);
#478=ORIENTED_EDGE('',*,*,#718,.F.);
#479=ORIENTED_EDGE('',*,*,#722,.F.);
#480=ORIENTED_EDGE('',*,*,#724,.T.);
#481=ORIENTED_EDGE('',*,*,#655,.T.);
#482=ORIENTED_EDGE('',*,*,#715,.T.);
#483=ORIENTED_EDGE('',*,*,#728,.F.);
#484=ORIENTED_EDGE('',*,*,#691,.F.);
#485=ORIENTED_EDGE('',*,*,#694,.T.);
#486=ORIENTED_EDGE('',*,*,#696,.T.);
#487=ORIENTED_EDGE('',*,*,#700,.F.);
#488=ORIENTED_EDGE('',*,*,#705,.F.);
#489=ORIENTED_EDGE('',*,*,#707,.F.);
#490=ORIENTED_EDGE('',*,*,#648,.T.);
#491=ORIENTED_EDGE('',*,*,#697,.T.);
#492=ORIENTED_EDGE('',*,*,#676,.F.);
#493=ORIENTED_EDGE('',*,*,#638,.F.);
#494=ORIENTED_EDGE('',*,*,#684,.T.);
#495=ORIENTED_EDGE('',*,*,#658,.F.);
#496=ORIENTED_EDGE('',*,*,#741,.T.);
#497=ORIENTED_EDGE('',*,*,#742,.F.);
#498=ORIENTED_EDGE('',*,*,#681,.T.);
#499=ORIENTED_EDGE('',*,*,#731,.T.);
#500=ORIENTED_EDGE('',*,*,#683,.T.);
#501=ORIENTED_EDGE('',*,*,#732,.F.);
#502=ORIENTED_EDGE('',*,*,#677,.T.);
#503=ORIENTED_EDGE('',*,*,#743,.T.);
#504=ORIENTED_EDGE('',*,*,#744,.T.);
#505=ORIENTED_EDGE('',*,*,#660,.F.);
#506=ORIENTED_EDGE('',*,*,#682,.T.);
#507=ORIENTED_EDGE('',*,*,#742,.T.);
#508=ORIENTED_EDGE('',*,*,#745,.T.);
#509=ORIENTED_EDGE('',*,*,#743,.F.);
#510=ORIENTED_EDGE('',*,*,#744,.F.);
#511=ORIENTED_EDGE('',*,*,#745,.F.);
#512=ORIENTED_EDGE('',*,*,#741,.F.);
#513=ORIENTED_EDGE('',*,*,#657,.F.);
#514=ORIENTED_EDGE('',*,*,#645,.T.);
#515=ORIENTED_EDGE('',*,*,#746,.T.);
#516=ORIENTED_EDGE('',*,*,#701,.F.);
#517=ORIENTED_EDGE('',*,*,#747,.T.);
#518=ORIENTED_EDGE('',*,*,#706,.T.);
#519=ORIENTED_EDGE('',*,*,#698,.T.);
#520=ORIENTED_EDGE('',*,*,#646,.F.);
#521=ORIENTED_EDGE('',*,*,#747,.F.);
#522=ORIENTED_EDGE('',*,*,#652,.T.);
#523=ORIENTED_EDGE('',*,*,#748,.T.);
#524=ORIENTED_EDGE('',*,*,#719,.F.);
#525=ORIENTED_EDGE('',*,*,#749,.T.);
#526=ORIENTED_EDGE('',*,*,#723,.T.);
#527=ORIENTED_EDGE('',*,*,#716,.T.);
#528=ORIENTED_EDGE('',*,*,#653,.F.);
#529=ORIENTED_EDGE('',*,*,#749,.F.);
#530=ORIENTED_EDGE('',*,*,#702,.F.);
#531=ORIENTED_EDGE('',*,*,#746,.F.);
#532=ORIENTED_EDGE('',*,*,#644,.F.);
#533=ORIENTED_EDGE('',*,*,#730,.F.);
#534=ORIENTED_EDGE('',*,*,#720,.F.);
#535=ORIENTED_EDGE('',*,*,#748,.F.);
#536=ORIENTED_EDGE('',*,*,#651,.F.);
#537=ORIENTED_EDGE('',*,*,#674,.F.);
#538=ORIENTED_EDGE('',*,*,#640,.T.);
#539=ORIENTED_EDGE('',*,*,#636,.F.);
#540=ORIENTED_EDGE('',*,*,#750,.F.);
#541=ORIENTED_EDGE('',*,*,#625,.F.);
#542=ORIENTED_EDGE('',*,*,#750,.T.);
#543=ORIENTED_EDGE('',*,*,#635,.F.);
#544=ORIENTED_EDGE('',*,*,#590,.F.);
#545=ORIENTED_EDGE('',*,*,#631,.F.);
#546=ORIENTED_EDGE('',*,*,#740,.F.);
#547=ORIENTED_EDGE('',*,*,#624,.F.);
#548=ORIENTED_EDGE('',*,*,#593,.F.);
#549=ORIENTED_EDGE('',*,*,#626,.F.);
#550=ORIENTED_EDGE('',*,*,#751,.F.);
#551=ORIENTED_EDGE('',*,*,#633,.F.);
#552=ORIENTED_EDGE('',*,*,#639,.T.);
#553=ORIENTED_EDGE('',*,*,#612,.F.);
#554=ORIENTED_EDGE('',*,*,#737,.F.);
#555=ORIENTED_EDGE('',*,*,#632,.F.);
#556=ORIENTED_EDGE('',*,*,#588,.F.);
#557=ORIENTED_EDGE('',*,*,#634,.F.);
#558=ORIENTED_EDGE('',*,*,#751,.T.);
#559=ORIENTED_EDGE('',*,*,#611,.F.);
#560=ORIENTED_EDGE('',*,*,#603,.F.);
#561=ORIENTED_EDGE('',*,*,#607,.F.);
#562=ORIENTED_EDGE('',*,*,#641,.T.);
#563=ORIENTED_EDGE('',*,*,#628,.F.);
#564=ORIENTED_EDGE('',*,*,#752,.F.);
#565=ORIENTED_EDGE('',*,*,#617,.F.);
#566=ORIENTED_EDGE('',*,*,#752,.T.);
#567=ORIENTED_EDGE('',*,*,#627,.F.);
#568=ORIENTED_EDGE('',*,*,#595,.F.);
#569=ORIENTED_EDGE('',*,*,#623,.F.);
#570=ORIENTED_EDGE('',*,*,#739,.F.);
#571=ORIENTED_EDGE('',*,*,#616,.F.);
#572=ORIENTED_EDGE('',*,*,#600,.F.);
#573=ORIENTED_EDGE('',*,*,#618,.F.);
#574=ORIENTED_EDGE('',*,*,#753,.T.);
#575=ORIENTED_EDGE('',*,*,#619,.F.);
#576=ORIENTED_EDGE('',*,*,#598,.F.);
#577=ORIENTED_EDGE('',*,*,#615,.F.);
#578=ORIENTED_EDGE('',*,*,#738,.F.);
#579=ORIENTED_EDGE('',*,*,#608,.F.);
#580=ORIENTED_EDGE('',*,*,#605,.F.);
#581=ORIENTED_EDGE('',*,*,#610,.F.);
#582=ORIENTED_EDGE('',*,*,#642,.T.);
#583=ORIENTED_EDGE('',*,*,#620,.F.);
#584=ORIENTED_EDGE('',*,*,#753,.F.);
#585=ORIENTED_EDGE('',*,*,#609,.F.);
#586=EDGE_CURVE('',#754,#754,#872,.T.);
#587=EDGE_CURVE('',#755,#756,#873,.F.);
#588=EDGE_CURVE('',#755,#757,#214,.T.);
#589=EDGE_CURVE('',#758,#757,#874,.F.);
#590=EDGE_CURVE('',#758,#756,#215,.T.);
#591=EDGE_CURVE('',#759,#759,#875,.T.);
#592=EDGE_CURVE('',#760,#761,#876,.F.);
#593=EDGE_CURVE('',#760,#762,#216,.T.);
#594=EDGE_CURVE('',#763,#762,#877,.F.);
#595=EDGE_CURVE('',#763,#761,#217,.T.);
#596=EDGE_CURVE('',#764,#764,#878,.T.);
#597=EDGE_CURVE('',#765,#766,#879,.F.);
#598=EDGE_CURVE('',#765,#767,#218,.T.);
#599=EDGE_CURVE('',#768,#767,#880,.F.);
#600=EDGE_CURVE('',#768,#766,#219,.T.);
#601=EDGE_CURVE('',#769,#769,#881,.T.);
#602=EDGE_CURVE('',#770,#771,#882,.F.);
#603=EDGE_CURVE('',#770,#772,#220,.T.);
#604=EDGE_CURVE('',#773,#772,#883,.F.);
#605=EDGE_CURVE('',#773,#771,#221,.T.);
#606=EDGE_CURVE('',#774,#775,#884,.T.);
#607=EDGE_CURVE('',#775,#770,#222,.T.);
#608=EDGE_CURVE('',#771,#774,#223,.T.);
#609=EDGE_CURVE('',#776,#777,#224,.T.);
#610=EDGE_CURVE('',#777,#773,#225,.T.);
#611=EDGE_CURVE('',#772,#778,#226,.T.);
#612=EDGE_CURVE('',#778,#779,#227,.T.);
#613=EDGE_CURVE('',#779,#776,#885,.T.);
#614=EDGE_CURVE('',#780,#781,#886,.T.);
#615=EDGE_CURVE('',#781,#765,#228,.T.);
#616=EDGE_CURVE('',#766,#780,#229,.T.);
#617=EDGE_CURVE('',#782,#783,#230,.T.);
#618=EDGE_CURVE('',#783,#768,#231,.T.);
#619=EDGE_CURVE('',#767,#784,#232,.T.);
#620=EDGE_CURVE('',#784,#785,#233,.T.);
#621=EDGE_CURVE('',#785,#782,#887,.T.);
#622=EDGE_CURVE('',#786,#787,#888,.T.);
#623=EDGE_CURVE('',#787,#763,#234,.T.);
#624=EDGE_CURVE('',#762,#786,#235,.T.);
#625=EDGE_CURVE('',#788,#789,#236,.T.);
#626=EDGE_CURVE('',#789,#760,#237,.T.);
#627=EDGE_CURVE('',#761,#790,#238,.T.);
#628=EDGE_CURVE('',#790,#791,#239,.T.);
#629=EDGE_CURVE('',#791,#788,#889,.T.);
#630=EDGE_CURVE('',#792,#793,#890,.T.);
#631=EDGE_CURVE('',#793,#758,#240,.T.);
#632=EDGE_CURVE('',#757,#792,#241,.T.);
#633=EDGE_CURVE('',#794,#795,#242,.T.);
#634=EDGE_CURVE('',#795,#755,#243,.T.);
#635=EDGE_CURVE('',#756,#796,#244,.T.);
#636=EDGE_CURVE('',#796,#797,#245,.T.);
#637=EDGE_CURVE('',#797,#794,#891,.T.);
#638=EDGE_CURVE('',#798,#798,#892,.T.);
#639=EDGE_CURVE('',#794,#779,#893,.T.);
#640=EDGE_CURVE('',#788,#797,#894,.T.);
#641=EDGE_CURVE('',#782,#791,#895,.T.);
#642=EDGE_CURVE('',#776,#785,#896,.T.);
#643=EDGE_CURVE('',#799,#800,#16,.T.);
#644=EDGE_CURVE('',#800,#801,#17,.T.);
#645=EDGE_CURVE('',#802,#801,#18,.T.);
#646=EDGE_CURVE('',#802,#803,#19,.T.);
#647=EDGE_CURVE('',#803,#804,#20,.T.);
#648=EDGE_CURVE('',#805,#804,#21,.T.);
#649=EDGE_CURVE('',#799,#805,#22,.T.);
#650=EDGE_CURVE('',#806,#807,#23,.T.);
#651=EDGE_CURVE('',#807,#808,#24,.T.);
#652=EDGE_CURVE('',#809,#808,#25,.T.);
#653=EDGE_CURVE('',#809,#810,#26,.T.);
#654=EDGE_CURVE('',#810,#811,#27,.T.);
#655=EDGE_CURVE('',#812,#811,#28,.T.);
#656=EDGE_CURVE('',#806,#812,#29,.T.);
#657=EDGE_CURVE('',#813,#814,#30,.T.);
#658=EDGE_CURVE('',#814,#815,#31,.F.);
#659=EDGE_CURVE('',#816,#815,#897,.T.);
#660=EDGE_CURVE('',#816,#813,#32,.T.);
#661=EDGE_CURVE('',#817,#817,#898,.T.);
#662=EDGE_CURVE('',#818,#818,#899,.T.);
#663=EDGE_CURVE('',#819,#819,#900,.T.);
#664=EDGE_CURVE('',#820,#820,#901,.T.);
#665=EDGE_CURVE('',#821,#822,#33,.T.);
#666=EDGE_CURVE('',#823,#821,#34,.T.);
#667=EDGE_CURVE('',#824,#823,#902,.T.);
#668=EDGE_CURVE('',#824,#822,#35,.T.);
#669=EDGE_CURVE('',#825,#826,#36,.T.);
#670=EDGE_CURVE('',#827,#825,#37,.T.);
#671=EDGE_CURVE('',#827,#828,#903,.T.);
#672=EDGE_CURVE('',#828,#826,#38,.T.);
#673=EDGE_CURVE('',#829,#830,#39,.T.);
#674=EDGE_CURVE('',#830,#807,#40,.T.);
#675=EDGE_CURVE('',#829,#806,#904,.T.);
#676=EDGE_CURVE('',#831,#831,#905,.F.);
#677=EDGE_CURVE('',#832,#833,#246,.T.);
#678=EDGE_CURVE('',#834,#832,#41,.F.);
#679=EDGE_CURVE('',#834,#835,#906,.T.);
#680=EDGE_CURVE('',#835,#836,#42,.F.);
#681=EDGE_CURVE('',#837,#836,#247,.T.);
#682=EDGE_CURVE('',#833,#837,#907,.F.);
#683=EDGE_CURVE('',#816,#838,#248,.T.);
#684=EDGE_CURVE('',#839,#815,#249,.T.);
#685=EDGE_CURVE('',#840,#839,#43,.F.);
#686=EDGE_CURVE('',#841,#840,#908,.T.);
#687=EDGE_CURVE('',#841,#838,#44,.F.);
#688=EDGE_CURVE('',#840,#835,#45,.T.);
#689=EDGE_CURVE('',#841,#834,#46,.T.);
#690=EDGE_CURVE('',#824,#842,#47,.T.);
#691=EDGE_CURVE('',#842,#843,#48,.T.);
#692=EDGE_CURVE('',#822,#843,#49,.T.);
#693=EDGE_CURVE('',#823,#844,#50,.T.);
#694=EDGE_CURVE('',#842,#844,#909,.T.);
#695=EDGE_CURVE('',#821,#845,#51,.T.);
#696=EDGE_CURVE('',#844,#845,#52,.T.);
#697=EDGE_CURVE('',#804,#843,#53,.T.);
#698=EDGE_CURVE('',#846,#803,#54,.T.);
#699=EDGE_CURVE('',#846,#847,#55,.T.);
#700=EDGE_CURVE('',#847,#845,#56,.T.);
#701=EDGE_CURVE('',#848,#849,#57,.T.);
#702=EDGE_CURVE('',#849,#850,#58,.T.);
#703=EDGE_CURVE('',#851,#850,#59,.T.);
#704=EDGE_CURVE('',#851,#852,#60,.T.);
#705=EDGE_CURVE('',#852,#847,#61,.T.);
#706=EDGE_CURVE('',#848,#846,#62,.T.);
#707=EDGE_CURVE('',#805,#852,#910,.T.);
#708=EDGE_CURVE('',#799,#851,#911,.T.);
#709=EDGE_CURVE('',#827,#853,#63,.T.);
#710=EDGE_CURVE('',#853,#854,#912,.T.);
#711=EDGE_CURVE('',#828,#854,#64,.T.);
#712=EDGE_CURVE('',#825,#855,#65,.T.);
#713=EDGE_CURVE('',#853,#855,#66,.T.);
#714=EDGE_CURVE('',#826,#856,#67,.T.);
#715=EDGE_CURVE('',#811,#856,#68,.T.);
#716=EDGE_CURVE('',#857,#810,#69,.T.);
#717=EDGE_CURVE('',#857,#858,#70,.T.);
#718=EDGE_CURVE('',#858,#855,#71,.T.);
#719=EDGE_CURVE('',#859,#860,#72,.T.);
#720=EDGE_CURVE('',#860,#830,#73,.T.);
#721=EDGE_CURVE('',#829,#861,#74,.T.);
#722=EDGE_CURVE('',#861,#858,#75,.T.);
#723=EDGE_CURVE('',#859,#857,#76,.T.);
#724=EDGE_CURVE('',#861,#812,#913,.T.);
#725=EDGE_CURVE('',#862,#862,#914,.F.);
#726=EDGE_CURVE('',#863,#863,#915,.F.);
#727=EDGE_CURVE('',#864,#864,#916,.F.);
#728=EDGE_CURVE('',#854,#856,#77,.T.);
#729=EDGE_CURVE('',#865,#865,#917,.F.);
#730=EDGE_CURVE('',#850,#800,#78,.T.);
#731=EDGE_CURVE('',#836,#839,#79,.T.);
#732=EDGE_CURVE('',#832,#838,#80,.T.);
#733=EDGE_CURVE('',#866,#866,#918,.F.);
#734=EDGE_CURVE('',#867,#867,#919,.F.);
#735=EDGE_CURVE('',#868,#868,#920,.F.);
#736=EDGE_CURVE('',#869,#869,#921,.F.);
#737=EDGE_CURVE('',#792,#775,#922,.T.);
#738=EDGE_CURVE('',#774,#781,#923,.T.);
#739=EDGE_CURVE('',#780,#787,#924,.T.);
#740=EDGE_CURVE('',#786,#793,#925,.T.);
#741=EDGE_CURVE('',#814,#870,#926,.T.);
#742=EDGE_CURVE('',#837,#870,#81,.T.);
#743=EDGE_CURVE('',#833,#871,#82,.T.);
#744=EDGE_CURVE('',#871,#813,#927,.T.);
#745=EDGE_CURVE('',#870,#871,#83,.T.);
#746=EDGE_CURVE('',#801,#849,#84,.T.);
#747=EDGE_CURVE('',#848,#802,#85,.T.);
#748=EDGE_CURVE('',#808,#860,#86,.T.);
#749=EDGE_CURVE('',#859,#809,#87,.T.);
#750=EDGE_CURVE('',#789,#796,#928,.T.);
#751=EDGE_CURVE('',#795,#778,#929,.T.);
#752=EDGE_CURVE('',#783,#790,#930,.T.);
#753=EDGE_CURVE('',#777,#784,#931,.T.);
#754=VERTEX_POINT('',#1667);
#755=VERTEX_POINT('',#1669);
#756=VERTEX_POINT('',#1670);
#757=VERTEX_POINT('',#1679);
#758=VERTEX_POINT('',#1681);
#759=VERTEX_POINT('',#1692);
#760=VERTEX_POINT('',#1694);
#761=VERTEX_POINT('',#1695);
#762=VERTEX_POINT('',#1704);
#763=VERTEX_POINT('',#1706);
#764=VERTEX_POINT('',#1717);
#765=VERTEX_POINT('',#1719);
#766=VERTEX_POINT('',#1720);
#767=VERTEX_POINT('',#1729);
#768=VERTEX_POINT('',#1731);
#769=VERTEX_POINT('',#1742);
#770=VERTEX_POINT('',#1744);
#771=VERTEX_POINT('',#1745);
#772=VERTEX_POINT('',#1754);
#773=VERTEX_POINT('',#1756);
#774=VERTEX_POINT('',#1767);
#775=VERTEX_POINT('',#1768);
#776=VERTEX_POINT('',#1782);
#777=VERTEX_POINT('',#1783);
#778=VERTEX_POINT('',#1792);
#779=VERTEX_POINT('',#1797);
#780=VERTEX_POINT('',#1801);
#781=VERTEX_POINT('',#1802);
#782=VERTEX_POINT('',#1816);
#783=VERTEX_POINT('',#1817);
#784=VERTEX_POINT('',#1826);
#785=VERTEX_POINT('',#1831);
#786=VERTEX_POINT('',#1835);
#787=VERTEX_POINT('',#1836);
#788=VERTEX_POINT('',#1850);
#789=VERTEX_POINT('',#1851);
#790=VERTEX_POINT('',#1860);
#791=VERTEX_POINT('',#1865);
#792=VERTEX_POINT('',#1869);
#793=VERTEX_POINT('',#1870);
#794=VERTEX_POINT('',#1884);
#795=VERTEX_POINT('',#1885);
#796=VERTEX_POINT('',#1894);
#797=VERTEX_POINT('',#1899);
#798=VERTEX_POINT('',#1903);
#799=VERTEX_POINT('',#1910);
#800=VERTEX_POINT('',#1911);
#801=VERTEX_POINT('',#1913);
#802=VERTEX_POINT('',#1915);
#803=VERTEX_POINT('',#1917);
#804=VERTEX_POINT('',#1919);
#805=VERTEX_POINT('',#1921);
#806=VERTEX_POINT('',#1925);
#807=VERTEX_POINT('',#1926);
#808=VERTEX_POINT('',#1928);
#809=VERTEX_POINT('',#1930);
#810=VERTEX_POINT('',#1932);
#811=VERTEX_POINT('',#1934);
#812=VERTEX_POINT('',#1936);
#813=VERTEX_POINT('',#1940);
#814=VERTEX_POINT('',#1941);
#815=VERTEX_POINT('',#1943);
#816=VERTEX_POINT('',#1945);
#817=VERTEX_POINT('',#1948);
#818=VERTEX_POINT('',#1950);
#819=VERTEX_POINT('',#1952);
#820=VERTEX_POINT('',#1954);
#821=VERTEX_POINT('',#1956);
#822=VERTEX_POINT('',#1957);
#823=VERTEX_POINT('',#1959);
#824=VERTEX_POINT('',#1961);
#825=VERTEX_POINT('',#1964);
#826=VERTEX_POINT('',#1965);
#827=VERTEX_POINT('',#1967);
#828=VERTEX_POINT('',#1969);
#829=VERTEX_POINT('',#1973);
#830=VERTEX_POINT('',#1974);
#831=VERTEX_POINT('',#1979);
#832=VERTEX_POINT('',#1985);
#833=VERTEX_POINT('',#1986);
#834=VERTEX_POINT('',#1988);
#835=VERTEX_POINT('',#1990);
#836=VERTEX_POINT('',#1992);
#837=VERTEX_POINT('',#1998);
#838=VERTEX_POINT('',#2005);
#839=VERTEX_POINT('',#2010);
#840=VERTEX_POINT('',#2012);
#841=VERTEX_POINT('',#2014);
#842=VERTEX_POINT('',#2021);
#843=VERTEX_POINT('',#2023);
#844=VERTEX_POINT('',#2027);
#845=VERTEX_POINT('',#2031);
#846=VERTEX_POINT('',#2036);
#847=VERTEX_POINT('',#2038);
#848=VERTEX_POINT('',#2042);
#849=VERTEX_POINT('',#2043);
#850=VERTEX_POINT('',#2045);
#851=VERTEX_POINT('',#2047);
#852=VERTEX_POINT('',#2049);
#853=VERTEX_POINT('',#2057);
#854=VERTEX_POINT('',#2059);
#855=VERTEX_POINT('',#2063);
#856=VERTEX_POINT('',#2067);
#857=VERTEX_POINT('',#2070);
#858=VERTEX_POINT('',#2072);
#859=VERTEX_POINT('',#2076);
#860=VERTEX_POINT('',#2077);
#861=VERTEX_POINT('',#2080);
#862=VERTEX_POINT('',#2087);
#863=VERTEX_POINT('',#2090);
#864=VERTEX_POINT('',#2093);
#865=VERTEX_POINT('',#2098);
#866=VERTEX_POINT('',#2107);
#867=VERTEX_POINT('',#2111);
#868=VERTEX_POINT('',#2115);
#869=VERTEX_POINT('',#2119);
#870=VERTEX_POINT('',#2129);
#871=VERTEX_POINT('',#2133);
#872=CIRCLE('',#1210,0.00125);
#873=CIRCLE('',#1211,0.00275);
#874=CIRCLE('',#1212,0.00275);
#875=CIRCLE('',#1214,0.00125);
#876=CIRCLE('',#1215,0.00275);
#877=CIRCLE('',#1216,0.00275);
#878=CIRCLE('',#1218,0.00125);
#879=CIRCLE('',#1219,0.00275);
#880=CIRCLE('',#1220,0.00275);
#881=CIRCLE('',#1222,0.00125);
#882=CIRCLE('',#1223,0.00275);
#883=CIRCLE('',#1224,0.00275);
#884=CIRCLE('',#1226,0.00275);
#885=CIRCLE('',#1228,0.00275);
#886=CIRCLE('',#1230,0.00275);
#887=CIRCLE('',#1232,0.00275);
#888=CIRCLE('',#1234,0.00275);
#889=CIRCLE('',#1236,0.00275);
#890=CIRCLE('',#1238,0.00275);
#891=CIRCLE('',#1240,0.00275);
#892=CIRCLE('',#1242,0.03075);
#893=CIRCLE('',#1243,0.0266);
#894=CIRCLE('',#1244,0.0266);
#895=CIRCLE('',#1245,0.0266);
#896=CIRCLE('',#1246,0.0266);
#897=CIRCLE('',#1250,0.0302500000000045);
#898=CIRCLE('',#1251,0.00275);
#899=CIRCLE('',#1252,0.00275);
#900=CIRCLE('',#1253,0.00275);
#901=CIRCLE('',#1254,0.00275);
#902=CIRCLE('',#1255,0.0021);
#903=CIRCLE('',#1256,0.0021);
#904=CIRCLE('',#1258,0.0018);
#905=CIRCLE('',#1260,0.03175);
#906=CIRCLE('',#1261,0.03175);
#907=CIRCLE('',#1262,0.03175);
#908=CIRCLE('',#1264,0.0302500000000045);
#909=CIRCLE('',#1268,0.0021);
#910=CIRCLE('',#1273,0.0018);
#911=CIRCLE('',#1274,0.0018);
#912=CIRCLE('',#1276,0.0021);
#913=CIRCLE('',#1281,0.0018);
#914=CIRCLE('',#1283,0.00125);
#915=CIRCLE('',#1285,0.00125);
#916=CIRCLE('',#1287,0.00125);
#917=CIRCLE('',#1290,0.00125);
#918=CIRCLE('',#1295,0.00275);
#919=CIRCLE('',#1298,0.00275);
#920=CIRCLE('',#1301,0.00275);
#921=CIRCLE('',#1304,0.00275);
#922=CIRCLE('',#1307,0.0245);
#923=CIRCLE('',#1308,0.0245);
#924=CIRCLE('',#1309,0.0245);
#925=CIRCLE('',#1310,0.0245);
#926=CIRCLE('',#1313,0.0013);
#927=CIRCLE('',#1315,0.0013);
#928=CIRCLE('',#1325,0.026310063195383);
#929=CIRCLE('',#1328,0.026310063195383);
#930=CIRCLE('',#1331,0.026310063195383);
#931=CIRCLE('',#1334,0.026310063195383);
#932=EDGE_LOOP('',(#250));
#933=EDGE_LOOP('',(#251,#252,#253,#254));
#934=EDGE_LOOP('',(#255));
#935=EDGE_LOOP('',(#256,#257,#258,#259));
#936=EDGE_LOOP('',(#260));
#937=EDGE_LOOP('',(#261,#262,#263,#264));
#938=EDGE_LOOP('',(#265));
#939=EDGE_LOOP('',(#266,#267,#268,#269));
#940=EDGE_LOOP('',(#270,#271,#272,#273));
#941=EDGE_LOOP('',(#274,#275,#276,#277,#278,#279));
#942=EDGE_LOOP('',(#280,#281,#282,#283));
#943=EDGE_LOOP('',(#284,#285,#286,#287,#288,#289));
#944=EDGE_LOOP('',(#290,#291,#292,#293));
#945=EDGE_LOOP('',(#294,#295,#296,#297,#298,#299));
#946=EDGE_LOOP('',(#300,#301,#302,#303));
#947=EDGE_LOOP('',(#304,#305,#306,#307,#308,#309));
#948=EDGE_LOOP('',(#310));
#949=EDGE_LOOP('',(#311,#312,#313,#314,#315,#316,#317,#318));
#950=EDGE_LOOP('',(#319,#320,#321,#322,#323,#324,#325));
#951=EDGE_LOOP('',(#326,#327,#328,#329,#330,#331,#332));
#952=EDGE_LOOP('',(#333,#334,#335,#336));
#953=EDGE_LOOP('',(#337));
#954=EDGE_LOOP('',(#338));
#955=EDGE_LOOP('',(#339));
#956=EDGE_LOOP('',(#340));
#957=EDGE_LOOP('',(#341,#342,#343,#344));
#958=EDGE_LOOP('',(#345,#346,#347,#348));
#959=EDGE_LOOP('',(#349,#350,#351,#352));
#960=EDGE_LOOP('',(#353));
#961=EDGE_LOOP('',(#354,#355,#356,#357,#358,#359));
#962=EDGE_LOOP('',(#360,#361,#362,#363,#364,#365));
#963=EDGE_LOOP('',(#366,#367,#368,#369));
#964=EDGE_LOOP('',(#370,#371,#372,#373));
#965=EDGE_LOOP('',(#374,#375,#376,#377));
#966=EDGE_LOOP('',(#378,#379,#380,#381));
#967=EDGE_LOOP('',(#382,#383,#384,#385,#386,#387,#388,#389));
#968=EDGE_LOOP('',(#390,#391,#392,#393,#394,#395,#396));
#969=EDGE_LOOP('',(#397,#398,#399,#400));
#970=EDGE_LOOP('',(#401,#402,#403,#404));
#971=EDGE_LOOP('',(#405,#406,#407,#408));
#972=EDGE_LOOP('',(#409,#410,#411,#412,#413,#414,#415,#416));
#973=EDGE_LOOP('',(#417,#418,#419,#420,#421,#422,#423));
#974=EDGE_LOOP('',(#424,#425,#426,#427));
#975=EDGE_LOOP('',(#428));
#976=EDGE_LOOP('',(#429));
#977=EDGE_LOOP('',(#430));
#978=EDGE_LOOP('',(#431));
#979=EDGE_LOOP('',(#432));
#980=EDGE_LOOP('',(#433));
#981=EDGE_LOOP('',(#434,#435,#436,#437));
#982=EDGE_LOOP('',(#438));
#983=EDGE_LOOP('',(#439));
#984=EDGE_LOOP('',(#440,#441,#442,#443));
#985=EDGE_LOOP('',(#444,#445,#446,#447));
#986=EDGE_LOOP('',(#448,#449,#450,#451));
#987=EDGE_LOOP('',(#452));
#988=EDGE_LOOP('',(#453));
#989=EDGE_LOOP('',(#454));
#990=EDGE_LOOP('',(#455));
#991=EDGE_LOOP('',(#456));
#992=EDGE_LOOP('',(#457));
#993=EDGE_LOOP('',(#458));
#994=EDGE_LOOP('',(#459));
#995=EDGE_LOOP('',(#460));
#996=EDGE_LOOP('',(#461));
#997=EDGE_LOOP('',(#462));
#998=EDGE_LOOP('',(#463));
#999=EDGE_LOOP('',(#464));
#1000=EDGE_LOOP('',(#465));
#1001=EDGE_LOOP('',(#466));
#1002=EDGE_LOOP('',(#467));
#1003=EDGE_LOOP('',(#468,#469,#470,#471,#472,#473,#474,#475));
#1004=EDGE_LOOP('',(#476,#477,#478,#479,#480,#481,#482,#483));
#1005=EDGE_LOOP('',(#484,#485,#486,#487,#488,#489,#490,#491));
#1006=EDGE_LOOP('',(#492));
#1007=EDGE_LOOP('',(#493));
#1008=EDGE_LOOP('',(#494,#495,#496,#497,#498,#499));
#1009=EDGE_LOOP('',(#500,#501,#502,#503,#504,#505));
#1010=EDGE_LOOP('',(#506,#507,#508,#509));
#1011=EDGE_LOOP('',(#510,#511,#512,#513));
#1012=EDGE_LOOP('',(#514,#515,#516,#517));
#1013=EDGE_LOOP('',(#518,#519,#520,#521));
#1014=EDGE_LOOP('',(#522,#523,#524,#525));
#1015=EDGE_LOOP('',(#526,#527,#528,#529));
#1016=EDGE_LOOP('',(#530,#531,#532,#533));
#1017=EDGE_LOOP('',(#534,#535,#536,#537));
#1018=EDGE_LOOP('',(#538,#539,#540,#541));
#1019=EDGE_LOOP('',(#542,#543,#544,#545,#546,#547,#548,#549));
#1020=EDGE_LOOP('',(#550,#551,#552,#553));
#1021=EDGE_LOOP('',(#554,#555,#556,#557,#558,#559,#560,#561));
#1022=EDGE_LOOP('',(#562,#563,#564,#565));
#1023=EDGE_LOOP('',(#566,#567,#568,#569,#570,#571,#572,#573));
#1024=EDGE_LOOP('',(#574,#575,#576,#577,#578,#579,#580,#581));
#1025=EDGE_LOOP('',(#582,#583,#584,#585));
#1026=FACE_BOUND('',#932,.T.);
#1027=FACE_BOUND('',#933,.T.);
#1028=FACE_BOUND('',#934,.T.);
#1029=FACE_BOUND('',#935,.T.);
#1030=FACE_BOUND('',#936,.T.);
#1031=FACE_BOUND('',#937,.T.);
#1032=FACE_BOUND('',#938,.T.);
#1033=FACE_BOUND('',#939,.T.);
#1034=FACE_BOUND('',#940,.T.);
#1035=FACE_BOUND('',#941,.T.);
#1036=FACE_BOUND('',#942,.T.);
#1037=FACE_BOUND('',#943,.T.);
#1038=FACE_BOUND('',#944,.T.);
#1039=FACE_BOUND('',#945,.T.);
#1040=FACE_BOUND('',#946,.T.);
#1041=FACE_BOUND('',#947,.T.);
#1042=FACE_BOUND('',#948,.T.);
#1043=FACE_BOUND('',#949,.T.);
#1044=FACE_BOUND('',#950,.T.);
#1045=FACE_BOUND('',#951,.T.);
#1046=FACE_BOUND('',#952,.T.);
#1047=FACE_BOUND('',#953,.T.);
#1048=FACE_BOUND('',#954,.T.);
#1049=FACE_BOUND('',#955,.T.);
#1050=FACE_BOUND('',#956,.T.);
#1051=FACE_BOUND('',#957,.T.);
#1052=FACE_BOUND('',#958,.T.);
#1053=FACE_BOUND('',#959,.T.);
#1054=FACE_BOUND('',#960,.T.);
#1055=FACE_BOUND('',#961,.T.);
#1056=FACE_BOUND('',#962,.T.);
#1057=FACE_BOUND('',#963,.T.);
#1058=FACE_BOUND('',#964,.T.);
#1059=FACE_BOUND('',#965,.T.);
#1060=FACE_BOUND('',#966,.T.);
#1061=FACE_BOUND('',#967,.T.);
#1062=FACE_BOUND('',#968,.T.);
#1063=FACE_BOUND('',#969,.T.);
#1064=FACE_BOUND('',#970,.T.);
#1065=FACE_BOUND('',#971,.T.);
#1066=FACE_BOUND('',#972,.T.);
#1067=FACE_BOUND('',#973,.T.);
#1068=FACE_BOUND('',#974,.T.);
#1069=FACE_BOUND('',#975,.T.);
#1070=FACE_BOUND('',#976,.T.);
#1071=FACE_BOUND('',#977,.T.);
#1072=FACE_BOUND('',#978,.T.);
#1073=FACE_BOUND('',#979,.T.);
#1074=FACE_BOUND('',#980,.T.);
#1075=FACE_BOUND('',#981,.T.);
#1076=FACE_BOUND('',#982,.T.);
#1077=FACE_BOUND('',#983,.T.);
#1078=FACE_BOUND('',#984,.T.);
#1079=FACE_BOUND('',#985,.T.);
#1080=FACE_BOUND('',#986,.T.);
#1081=FACE_BOUND('',#987,.T.);
#1082=FACE_BOUND('',#988,.T.);
#1083=FACE_BOUND('',#989,.T.);
#1084=FACE_BOUND('',#990,.T.);
#1085=FACE_BOUND('',#991,.T.);
#1086=FACE_BOUND('',#992,.T.);
#1087=FACE_BOUND('',#993,.T.);
#1088=FACE_BOUND('',#994,.T.);
#1089=FACE_BOUND('',#995,.T.);
#1090=FACE_BOUND('',#996,.T.);
#1091=FACE_BOUND('',#997,.T.);
#1092=FACE_BOUND('',#998,.T.);
#1093=FACE_BOUND('',#999,.T.);
#1094=FACE_BOUND('',#1000,.T.);
#1095=FACE_BOUND('',#1001,.T.);
#1096=FACE_BOUND('',#1002,.T.);
#1097=FACE_BOUND('',#1003,.T.);
#1098=FACE_BOUND('',#1004,.T.);
#1099=FACE_BOUND('',#1005,.T.);
#1100=FACE_BOUND('',#1006,.T.);
#1101=FACE_BOUND('',#1007,.T.);
#1102=FACE_BOUND('',#1008,.T.);
#1103=FACE_BOUND('',#1009,.T.);
#1104=FACE_BOUND('',#1010,.T.);
#1105=FACE_BOUND('',#1011,.T.);
#1106=FACE_BOUND('',#1012,.T.);
#1107=FACE_BOUND('',#1013,.T.);
#1108=FACE_BOUND('',#1014,.T.);
#1109=FACE_BOUND('',#1015,.T.);
#1110=FACE_BOUND('',#1016,.T.);
#1111=FACE_BOUND('',#1017,.T.);
#1112=FACE_BOUND('',#1018,.T.);
#1113=FACE_BOUND('',#1019,.T.);
#1114=FACE_BOUND('',#1020,.T.);
#1115=FACE_BOUND('',#1021,.T.);
#1116=FACE_BOUND('',#1022,.T.);
#1117=FACE_BOUND('',#1023,.T.);
#1118=FACE_BOUND('',#1024,.T.);
#1119=FACE_BOUND('',#1025,.T.);
#1120=CONICAL_SURFACE('',#1209,0.00125,0.785398163397449);
#1121=CONICAL_SURFACE('',#1213,0.00125,0.785398163397449);
#1122=CONICAL_SURFACE('',#1217,0.00125,0.785398163397449);
#1123=CONICAL_SURFACE('',#1221,0.00125,0.785398163397449);
#1124=CONICAL_SURFACE('',#1311,0.03075,0.785398163397448);
#1125=CONICAL_SURFACE('',#1324,0.026310063195383,0.336131230889204);
#1126=CONICAL_SURFACE('',#1327,0.026310063195383,0.336131230889204);
#1127=CONICAL_SURFACE('',#1330,0.026310063195383,0.336131230889204);
#1128=CONICAL_SURFACE('',#1335,0.026310063195383,0.336131230889204);
#1129=ADVANCED_FACE('',(#1026,#1027),#1120,.F.);
#1130=ADVANCED_FACE('',(#1028,#1029),#1121,.F.);
#1131=ADVANCED_FACE('',(#1030,#1031),#1122,.F.);
#1132=ADVANCED_FACE('',(#1032,#1033),#1123,.F.);
#1133=ADVANCED_FACE('',(#1034),#190,.F.);
#1134=ADVANCED_FACE('',(#1035),#191,.F.);
#1135=ADVANCED_FACE('',(#1036),#192,.F.);
#1136=ADVANCED_FACE('',(#1037),#193,.F.);
#1137=ADVANCED_FACE('',(#1038),#194,.F.);
#1138=ADVANCED_FACE('',(#1039),#195,.F.);
#1139=ADVANCED_FACE('',(#1040),#196,.F.);
#1140=ADVANCED_FACE('',(#1041),#197,.F.);
#1141=ADVANCED_FACE('',(#1042,#1043),#160,.T.);
#1142=ADVANCED_FACE('',(#1044),#161,.T.);
#1143=ADVANCED_FACE('',(#1045),#162,.T.);
#1144=ADVANCED_FACE('',(#1046,#1047,#1048,#1049,#1050,#1051,#1052),#163,
 .F.);
#1145=ADVANCED_FACE('',(#1053),#164,.F.);
#1146=ADVANCED_FACE('',(#1054,#1055),#198,.T.);
#1147=ADVANCED_FACE('',(#1056),#199,.F.);
#1148=ADVANCED_FACE('',(#1057),#165,.F.);
#1149=ADVANCED_FACE('',(#1058),#166,.F.);
#1150=ADVANCED_FACE('',(#1059),#200,.F.);
#1151=ADVANCED_FACE('',(#1060),#167,.T.);
#1152=ADVANCED_FACE('',(#1061),#168,.F.);
#1153=ADVANCED_FACE('',(#1062),#169,.F.);
#1154=ADVANCED_FACE('',(#1063),#201,.T.);
#1155=ADVANCED_FACE('',(#1064),#202,.F.);
#1156=ADVANCED_FACE('',(#1065),#170,.T.);
#1157=ADVANCED_FACE('',(#1066),#171,.F.);
#1158=ADVANCED_FACE('',(#1067),#172,.F.);
#1159=ADVANCED_FACE('',(#1068),#203,.T.);
#1160=ADVANCED_FACE('',(#1069,#1070),#204,.F.);
#1161=ADVANCED_FACE('',(#1071,#1072),#205,.F.);
#1162=ADVANCED_FACE('',(#1073,#1074),#206,.F.);
#1163=ADVANCED_FACE('',(#1075),#173,.F.);
#1164=ADVANCED_FACE('',(#1076,#1077),#207,.F.);
#1165=ADVANCED_FACE('',(#1078),#174,.F.);
#1166=ADVANCED_FACE('',(#1079),#175,.F.);
#1167=ADVANCED_FACE('',(#1080),#176,.T.);
#1168=ADVANCED_FACE('',(#1081,#1082),#208,.T.);
#1169=ADVANCED_FACE('',(#1083,#1084),#177,.F.);
#1170=ADVANCED_FACE('',(#1085,#1086),#209,.T.);
#1171=ADVANCED_FACE('',(#1087,#1088),#178,.F.);
#1172=ADVANCED_FACE('',(#1089,#1090),#210,.T.);
#1173=ADVANCED_FACE('',(#1091,#1092),#179,.F.);
#1174=ADVANCED_FACE('',(#1093,#1094),#211,.T.);
#1175=ADVANCED_FACE('',(#1095,#1096),#180,.F.);
#1176=ADVANCED_FACE('',(#1097,#1098,#1099),#181,.T.);
#1177=ADVANCED_FACE('',(#1100,#1101),#1124,.T.);
#1178=ADVANCED_FACE('',(#1102),#212,.F.);
#1179=ADVANCED_FACE('',(#1103),#213,.F.);
#1180=ADVANCED_FACE('',(#1104),#182,.F.);
#1181=ADVANCED_FACE('',(#1105),#183,.F.);
#1182=ADVANCED_FACE('',(#1106),#184,.T.);
#1183=ADVANCED_FACE('',(#1107),#185,.T.);
#1184=ADVANCED_FACE('',(#1108),#186,.T.);
#1185=ADVANCED_FACE('',(#1109),#187,.T.);
#1186=ADVANCED_FACE('',(#1110),#188,.T.);
#1187=ADVANCED_FACE('',(#1111),#189,.T.);
#1188=ADVANCED_FACE('',(#1112),#1125,.F.);
#1189=ADVANCED_FACE('',(#1113),#12,.F.);
#1190=ADVANCED_FACE('',(#1114),#1126,.F.);
#1191=ADVANCED_FACE('',(#1115),#13,.F.);
#1192=ADVANCED_FACE('',(#1116),#1127,.F.);
#1193=ADVANCED_FACE('',(#1117),#14,.F.);
#1194=ADVANCED_FACE('',(#1118),#15,.F.);
#1195=ADVANCED_FACE('',(#1119),#1128,.F.);
#1196=CLOSED_SHELL('',(#1129,#1130,#1131,#1132,#1133,#1134,#1135,#1136,
#1137,#1138,#1139,#1140,#1141,#1142,#1143,#1144,#1145,#1146,#1147,#1148,
#1149,#1150,#1151,#1152,#1153,#1154,#1155,#1156,#1157,#1158,#1159,#1160,
#1161,#1162,#1163,#1164,#1165,#1166,#1167,#1168,#1169,#1170,#1171,#1172,
#1173,#1174,#1175,#1176,#1177,#1178,#1179,#1180,#1181,#1182,#1183,#1184,
#1185,#1186,#1187,#1188,#1189,#1190,#1191,#1192,#1193,#1194,#1195));
#1197=STYLED_ITEM('',(#1198),#1205);
#1198=PRESENTATION_STYLE_ASSIGNMENT((#1199));
#1199=SURFACE_STYLE_USAGE(.BOTH.,#1200);
#1200=SURFACE_SIDE_STYLE('',(#1201));
#1201=SURFACE_STYLE_FILL_AREA(#1202);
#1202=FILL_AREA_STYLE('',(#1203));
#1203=FILL_AREA_STYLE_COLOUR('',#1204);
#1204=COLOUR_RGB('',0.917647058823529,0.917647058823529,0.917647058823529);
#1205=MANIFOLD_SOLID_BREP('bottom',#1196);
#1206=SHAPE_DEFINITION_REPRESENTATION(#2166,#1207);
#1207=SHAPE_REPRESENTATION('bottom',(#1208),#2161);
#1208=AXIS2_PLACEMENT_3D('',#1664,#1336,#1337);
#1209=AXIS2_PLACEMENT_3D('',#1665,#1338,#1339);
#1210=AXIS2_PLACEMENT_3D('',#1666,#1340,#1341);
#1211=AXIS2_PLACEMENT_3D('',#1668,#1342,#1343);
#1212=AXIS2_PLACEMENT_3D('',#1680,#1344,#1345);
#1213=AXIS2_PLACEMENT_3D('',#1690,#1346,#1347);
#1214=AXIS2_PLACEMENT_3D('',#1691,#1348,#1349);
#1215=AXIS2_PLACEMENT_3D('',#1693,#1350,#1351);
#1216=AXIS2_PLACEMENT_3D('',#1705,#1352,#1353);
#1217=AXIS2_PLACEMENT_3D('',#1715,#1354,#1355);
#1218=AXIS2_PLACEMENT_3D('',#1716,#1356,#1357);
#1219=AXIS2_PLACEMENT_3D('',#1718,#1358,#1359);
#1220=AXIS2_PLACEMENT_3D('',#1730,#1360,#1361);
#1221=AXIS2_PLACEMENT_3D('',#1740,#1362,#1363);
#1222=AXIS2_PLACEMENT_3D('',#1741,#1364,#1365);
#1223=AXIS2_PLACEMENT_3D('',#1743,#1366,#1367);
#1224=AXIS2_PLACEMENT_3D('',#1755,#1368,#1369);
#1225=AXIS2_PLACEMENT_3D('',#1765,#1370,#1371);
#1226=AXIS2_PLACEMENT_3D('',#1766,#1372,#1373);
#1227=AXIS2_PLACEMENT_3D('',#1777,#1374,#1375);
#1228=AXIS2_PLACEMENT_3D('',#1798,#1376,#1377);
#1229=AXIS2_PLACEMENT_3D('',#1799,#1378,#1379);
#1230=AXIS2_PLACEMENT_3D('',#1800,#1380,#1381);
#1231=AXIS2_PLACEMENT_3D('',#1811,#1382,#1383);
#1232=AXIS2_PLACEMENT_3D('',#1832,#1384,#1385);
#1233=AXIS2_PLACEMENT_3D('',#1833,#1386,#1387);
#1234=AXIS2_PLACEMENT_3D('',#1834,#1388,#1389);
#1235=AXIS2_PLACEMENT_3D('',#1845,#1390,#1391);
#1236=AXIS2_PLACEMENT_3D('',#1866,#1392,#1393);
#1237=AXIS2_PLACEMENT_3D('',#1867,#1394,#1395);
#1238=AXIS2_PLACEMENT_3D('',#1868,#1396,#1397);
#1239=AXIS2_PLACEMENT_3D('',#1879,#1398,#1399);
#1240=AXIS2_PLACEMENT_3D('',#1900,#1400,#1401);
#1241=AXIS2_PLACEMENT_3D('',#1901,#1402,#1403);
#1242=AXIS2_PLACEMENT_3D('',#1902,#1404,#1405);
#1243=AXIS2_PLACEMENT_3D('',#1904,#1406,#1407);
#1244=AXIS2_PLACEMENT_3D('',#1905,#1408,#1409);
#1245=AXIS2_PLACEMENT_3D('',#1906,#1410,#1411);
#1246=AXIS2_PLACEMENT_3D('',#1907,#1412,#1413);
#1247=AXIS2_PLACEMENT_3D('',#1908,#1414,#1415);
#1248=AXIS2_PLACEMENT_3D('',#1923,#1423,#1424);
#1249=AXIS2_PLACEMENT_3D('',#1938,#1432,#1433);
#1250=AXIS2_PLACEMENT_3D('',#1944,#1436,#1437);
#1251=AXIS2_PLACEMENT_3D('',#1947,#1439,#1440);
#1252=AXIS2_PLACEMENT_3D('',#1949,#1441,#1442);
#1253=AXIS2_PLACEMENT_3D('',#1951,#1443,#1444);
#1254=AXIS2_PLACEMENT_3D('',#1953,#1445,#1446);
#1255=AXIS2_PLACEMENT_3D('',#1960,#1449,#1450);
#1256=AXIS2_PLACEMENT_3D('',#1968,#1454,#1455);
#1257=AXIS2_PLACEMENT_3D('',#1971,#1457,#1458);
#1258=AXIS2_PLACEMENT_3D('',#1976,#1461,#1462);
#1259=AXIS2_PLACEMENT_3D('',#1977,#1463,#1464);
#1260=AXIS2_PLACEMENT_3D('',#1978,#1465,#1466);
#1261=AXIS2_PLACEMENT_3D('',#1989,#1468,#1469);
#1262=AXIS2_PLACEMENT_3D('',#1999,#1471,#1472);
#1263=AXIS2_PLACEMENT_3D('',#2000,#1473,#1474);
#1264=AXIS2_PLACEMENT_3D('',#2013,#1476,#1477);
#1265=AXIS2_PLACEMENT_3D('',#2016,#1479,#1480);
#1266=AXIS2_PLACEMENT_3D('',#2019,#1483,#1484);
#1267=AXIS2_PLACEMENT_3D('',#2025,#1488,#1489);
#1268=AXIS2_PLACEMENT_3D('',#2028,#1491,#1492);
#1269=AXIS2_PLACEMENT_3D('',#2029,#1493,#1494);
#1270=AXIS2_PLACEMENT_3D('',#2033,#1497,#1498);
#1271=AXIS2_PLACEMENT_3D('',#2040,#1503,#1504);
#1272=AXIS2_PLACEMENT_3D('',#2052,#1511,#1512);
#1273=AXIS2_PLACEMENT_3D('',#2053,#1513,#1514);
#1274=AXIS2_PLACEMENT_3D('',#2054,#1515,#1516);
#1275=AXIS2_PLACEMENT_3D('',#2055,#1517,#1518);
#1276=AXIS2_PLACEMENT_3D('',#2058,#1520,#1521);
#1277=AXIS2_PLACEMENT_3D('',#2061,#1523,#1524);
#1278=AXIS2_PLACEMENT_3D('',#2065,#1527,#1528);
#1279=AXIS2_PLACEMENT_3D('',#2074,#1534,#1535);
#1280=AXIS2_PLACEMENT_3D('',#2083,#1541,#1542);
#1281=AXIS2_PLACEMENT_3D('',#2084,#1543,#1544);
#1282=AXIS2_PLACEMENT_3D('',#2085,#1545,#1546);
#1283=AXIS2_PLACEMENT_3D('',#2086,#1547,#1548);
#1284=AXIS2_PLACEMENT_3D('',#2088,#1549,#1550);
#1285=AXIS2_PLACEMENT_3D('',#2089,#1551,#1552);
#1286=AXIS2_PLACEMENT_3D('',#2091,#1553,#1554);
#1287=AXIS2_PLACEMENT_3D('',#2092,#1555,#1556);
#1288=AXIS2_PLACEMENT_3D('',#2094,#1557,#1558);
#1289=AXIS2_PLACEMENT_3D('',#2096,#1560,#1561);
#1290=AXIS2_PLACEMENT_3D('',#2097,#1562,#1563);
#1291=AXIS2_PLACEMENT_3D('',#2099,#1564,#1565);
#1292=AXIS2_PLACEMENT_3D('',#2101,#1567,#1568);
#1293=AXIS2_PLACEMENT_3D('',#2103,#1570,#1571);
#1294=AXIS2_PLACEMENT_3D('',#2105,#1573,#1574);
#1295=AXIS2_PLACEMENT_3D('',#2106,#1575,#1576);
#1296=AXIS2_PLACEMENT_3D('',#2108,#1577,#1578);
#1297=AXIS2_PLACEMENT_3D('',#2109,#1579,#1580);
#1298=AXIS2_PLACEMENT_3D('',#2110,#1581,#1582);
#1299=AXIS2_PLACEMENT_3D('',#2112,#1583,#1584);
#1300=AXIS2_PLACEMENT_3D('',#2113,#1585,#1586);
#1301=AXIS2_PLACEMENT_3D('',#2114,#1587,#1588);
#1302=AXIS2_PLACEMENT_3D('',#2116,#1589,#1590);
#1303=AXIS2_PLACEMENT_3D('',#2117,#1591,#1592);
#1304=AXIS2_PLACEMENT_3D('',#2118,#1593,#1594);
#1305=AXIS2_PLACEMENT_3D('',#2120,#1595,#1596);
#1306=AXIS2_PLACEMENT_3D('',#2121,#1597,#1598);
#1307=AXIS2_PLACEMENT_3D('',#2122,#1599,#1600);
#1308=AXIS2_PLACEMENT_3D('',#2123,#1601,#1602);
#1309=AXIS2_PLACEMENT_3D('',#2124,#1603,#1604);
#1310=AXIS2_PLACEMENT_3D('',#2125,#1605,#1606);
#1311=AXIS2_PLACEMENT_3D('',#2126,#1607,#1608);
#1312=AXIS2_PLACEMENT_3D('',#2127,#1609,#1610);
#1313=AXIS2_PLACEMENT_3D('',#2128,#1611,#1612);
#1314=AXIS2_PLACEMENT_3D('',#2131,#1614,#1615);
#1315=AXIS2_PLACEMENT_3D('',#2134,#1617,#1618);
#1316=AXIS2_PLACEMENT_3D('',#2135,#1619,#1620);
#1317=AXIS2_PLACEMENT_3D('',#2137,#1622,#1623);
#1318=AXIS2_PLACEMENT_3D('',#2138,#1624,#1625);
#1319=AXIS2_PLACEMENT_3D('',#2141,#1628,#1629);
#1320=AXIS2_PLACEMENT_3D('',#2142,#1630,#1631);
#1321=AXIS2_PLACEMENT_3D('',#2145,#1634,#1635);
#1322=AXIS2_PLACEMENT_3D('',#2146,#1636,#1637);
#1323=AXIS2_PLACEMENT_3D('',#2147,#1638,#1639);
#1324=AXIS2_PLACEMENT_3D('',#2148,#1640,#1641);
#1325=AXIS2_PLACEMENT_3D('',#2149,#1642,#1643);
#1326=AXIS2_PLACEMENT_3D('',#2150,#1644,#1645);
#1327=AXIS2_PLACEMENT_3D('',#2151,#1646,#1647);
#1328=AXIS2_PLACEMENT_3D('',#2152,#1648,#1649);
#1329=AXIS2_PLACEMENT_3D('',#2153,#1650,#1651);
#1330=AXIS2_PLACEMENT_3D('',#2154,#1652,#1653);
#1331=AXIS2_PLACEMENT_3D('',#2155,#1654,#1655);
#1332=AXIS2_PLACEMENT_3D('',#2156,#1656,#1657);
#1333=AXIS2_PLACEMENT_3D('',#2157,#1658,#1659);
#1334=AXIS2_PLACEMENT_3D('',#2158,#1660,#1661);
#1335=AXIS2_PLACEMENT_3D('',#2159,#1662,#1663);
#1336=DIRECTION('',(0.,0.,1.));
#1337=DIRECTION('',(1.,0.,0.));
#1338=DIRECTION('',(0.,0.,1.));
#1339=DIRECTION('',(1.,0.,0.));
#1340=DIRECTION('',(0.,0.,1.));
#1341=DIRECTION('',(1.,0.,0.));
#1342=DIRECTION('',(0.,0.,1.));
#1343=DIRECTION('',(1.,0.,0.));
#1344=DIRECTION('',(0.,0.,1.));
#1345=DIRECTION('',(1.,0.,0.));
#1346=DIRECTION('',(0.,0.,1.));
#1347=DIRECTION('',(1.,0.,0.));
#1348=DIRECTION('',(0.,0.,1.));
#1349=DIRECTION('',(1.,0.,0.));
#1350=DIRECTION('',(0.,0.,1.));
#1351=DIRECTION('',(1.,0.,0.));
#1352=DIRECTION('',(0.,0.,1.));
#1353=DIRECTION('',(1.,0.,0.));
#1354=DIRECTION('',(0.,0.,1.));
#1355=DIRECTION('',(1.,0.,0.));
#1356=DIRECTION('',(0.,0.,1.));
#1357=DIRECTION('',(1.,0.,0.));
#1358=DIRECTION('',(0.,0.,1.));
#1359=DIRECTION('',(1.,0.,0.));
#1360=DIRECTION('',(0.,0.,1.));
#1361=DIRECTION('',(1.,0.,0.));
#1362=DIRECTION('',(0.,0.,1.));
#1363=DIRECTION('',(1.,0.,0.));
#1364=DIRECTION('',(0.,0.,1.));
#1365=DIRECTION('',(1.,0.,0.));
#1366=DIRECTION('',(0.,0.,1.));
#1367=DIRECTION('',(1.,0.,0.));
#1368=DIRECTION('',(0.,0.,1.));
#1369=DIRECTION('',(1.,0.,0.));
#1370=DIRECTION('',(0.,0.,-1.));
#1371=DIRECTION('',(-1.,0.,0.));
#1372=DIRECTION('',(0.,0.,1.));
#1373=DIRECTION('',(1.,0.,0.));
#1374=DIRECTION('',(0.,0.,-1.));
#1375=DIRECTION('',(-1.,0.,0.));
#1376=DIRECTION('',(0.,0.,1.));
#1377=DIRECTION('',(1.,0.,0.));
#1378=DIRECTION('',(0.,0.,-1.));
#1379=DIRECTION('',(-1.,0.,0.));
#1380=DIRECTION('',(0.,0.,1.));
#1381=DIRECTION('',(1.,0.,0.));
#1382=DIRECTION('',(0.,0.,-1.));
#1383=DIRECTION('',(-1.,0.,0.));
#1384=DIRECTION('',(0.,0.,1.));
#1385=DIRECTION('',(1.,0.,0.));
#1386=DIRECTION('',(0.,0.,-1.));
#1387=DIRECTION('',(-1.,0.,0.));
#1388=DIRECTION('',(0.,0.,1.));
#1389=DIRECTION('',(1.,0.,0.));
#1390=DIRECTION('',(0.,0.,-1.));
#1391=DIRECTION('',(-1.,0.,0.));
#1392=DIRECTION('',(0.,0.,1.));
#1393=DIRECTION('',(1.,0.,0.));
#1394=DIRECTION('',(0.,0.,-1.));
#1395=DIRECTION('',(-1.,0.,0.));
#1396=DIRECTION('',(0.,0.,1.));
#1397=DIRECTION('',(1.,0.,0.));
#1398=DIRECTION('',(0.,0.,-1.));
#1399=DIRECTION('',(-1.,0.,0.));
#1400=DIRECTION('',(0.,0.,1.));
#1401=DIRECTION('',(1.,0.,0.));
#1402=DIRECTION('',(0.,0.,1.));
#1403=DIRECTION('',(1.,0.,0.));
#1404=DIRECTION('',(0.,0.,1.));
#1405=DIRECTION('',(1.,0.,0.));
#1406=DIRECTION('',(0.,0.,1.));
#1407=DIRECTION('',(1.,0.,0.));
#1408=DIRECTION('',(0.,0.,1.));
#1409=DIRECTION('',(1.,0.,0.));
#1410=DIRECTION('',(0.,0.,1.));
#1411=DIRECTION('',(1.,0.,0.));
#1412=DIRECTION('',(0.,0.,1.));
#1413=DIRECTION('',(1.,0.,0.));
#1414=DIRECTION('',(1.,0.,0.));
#1415=DIRECTION('',(0.,0.,-1.));
#1416=DIRECTION('',(0.,1.,0.));
#1417=DIRECTION('',(0.,0.707106781186548,0.707106781186547));
#1418=DIRECTION('',(0.,0.,-1.));
#1419=DIRECTION('',(0.,1.,0.));
#1420=DIRECTION('',(0.,0.,1.));
#1421=DIRECTION('',(0.,1.,0.));
#1422=DIRECTION('',(0.,0.,1.));
#1423=DIRECTION('',(1.,0.,0.));
#1424=DIRECTION('',(0.,0.,-1.));
#1425=DIRECTION('',(0.,1.,0.));
#1426=DIRECTION('',(0.,0.707106781186548,0.707106781186547));
#1427=DIRECTION('',(0.,0.,-1.));
#1428=DIRECTION('',(0.,1.,0.));
#1429=DIRECTION('',(0.,0.,1.));
#1430=DIRECTION('',(0.,1.,0.));
#1431=DIRECTION('',(0.,0.,1.));
#1432=DIRECTION('',(0.,0.,1.));
#1433=DIRECTION('',(1.,0.,0.));
#1434=DIRECTION('',(1.,0.,0.));
#1435=DIRECTION('',(0.,-1.,0.));
#1436=DIRECTION('',(0.,0.,1.));
#1437=DIRECTION('',(1.,0.,0.));
#1438=DIRECTION('',(0.,-1.,0.));
#1439=DIRECTION('',(0.,0.,1.));
#1440=DIRECTION('',(1.,0.,0.));
#1441=DIRECTION('',(0.,0.,1.));
#1442=DIRECTION('',(1.,0.,0.));
#1443=DIRECTION('',(0.,0.,1.));
#1444=DIRECTION('',(1.,0.,0.));
#1445=DIRECTION('',(0.,0.,1.));
#1446=DIRECTION('',(1.,0.,0.));
#1447=DIRECTION('',(1.,0.,0.));
#1448=DIRECTION('',(0.,1.,0.));
#1449=DIRECTION('',(0.,0.,-1.));
#1450=DIRECTION('',(1.,0.,0.));
#1451=DIRECTION('',(0.,1.,0.));
#1452=DIRECTION('',(1.,0.,0.));
#1453=DIRECTION('',(0.,1.,0.));
#1454=DIRECTION('',(0.,0.,1.));
#1455=DIRECTION('',(1.,0.,0.));
#1456=DIRECTION('',(0.,1.,0.));
#1457=DIRECTION('',(0.,0.,1.));
#1458=DIRECTION('',(1.,0.,0.));
#1459=DIRECTION('',(0.,1.,0.));
#1460=DIRECTION('',(1.,0.,0.));
#1461=DIRECTION('',(0.,0.,1.));
#1462=DIRECTION('',(1.,0.,0.));
#1463=DIRECTION('',(0.,0.,-1.));
#1464=DIRECTION('',(-1.,0.,0.));
#1465=DIRECTION('',(0.,0.,1.));
#1466=DIRECTION('',(1.,0.,0.));
#1467=DIRECTION('',(0.,0.,-1.));
#1468=DIRECTION('',(0.,0.,1.));
#1469=DIRECTION('',(1.,0.,0.));
#1470=DIRECTION('',(0.,0.,-1.));
#1471=DIRECTION('',(0.,0.,1.));
#1472=DIRECTION('',(1.,0.,0.));
#1473=DIRECTION('',(0.,0.,-1.));
#1474=DIRECTION('',(-1.,0.,0.));
#1475=DIRECTION('',(0.,0.,-1.));
#1476=DIRECTION('',(0.,0.,1.));
#1477=DIRECTION('',(1.,0.,0.));
#1478=DIRECTION('',(0.,0.,-1.));
#1479=DIRECTION('',(0.,0.,1.));
#1480=DIRECTION('',(1.,0.,0.));
#1481=DIRECTION('',(0.,1.,0.));
#1482=DIRECTION('',(0.,1.,0.));
#1483=DIRECTION('',(1.,0.,0.));
#1484=DIRECTION('',(0.,0.,-1.));
#1485=DIRECTION('',(0.,0.,1.));
#1486=DIRECTION('',(0.,1.,0.));
#1487=DIRECTION('',(0.,0.,1.));
#1488=DIRECTION('',(0.,0.,1.));
#1489=DIRECTION('',(1.,0.,0.));
#1490=DIRECTION('',(0.,0.,1.));
#1491=DIRECTION('',(0.,0.,-1.));
#1492=DIRECTION('',(1.,0.,0.));
#1493=DIRECTION('',(1.,0.,0.));
#1494=DIRECTION('',(0.,0.,-1.));
#1495=DIRECTION('',(0.,0.,1.));
#1496=DIRECTION('',(0.,1.,0.));
#1497=DIRECTION('',(0.,1.,0.));
#1498=DIRECTION('',(0.,0.,1.));
#1499=DIRECTION('',(1.,0.,0.));
#1500=DIRECTION('',(1.,0.,0.));
#1501=DIRECTION('',(0.,0.,1.));
#1502=DIRECTION('',(-1.,0.,0.));
#1503=DIRECTION('',(1.,0.,0.));
#1504=DIRECTION('',(0.,0.,-1.));
#1505=DIRECTION('',(0.,0.,-1.));
#1506=DIRECTION('',(0.,-0.707106781186548,-0.707106781186547));
#1507=DIRECTION('',(0.,1.,0.));
#1508=DIRECTION('',(0.,0.,1.));
#1509=DIRECTION('',(0.,1.,0.));
#1510=DIRECTION('',(0.,1.,0.));
#1511=DIRECTION('',(0.,0.,1.));
#1512=DIRECTION('',(1.,0.,0.));
#1513=DIRECTION('',(0.,0.,-1.));
#1514=DIRECTION('',(1.,0.,0.));
#1515=DIRECTION('',(0.,0.,-1.));
#1516=DIRECTION('',(1.,0.,0.));
#1517=DIRECTION('',(0.,0.,1.));
#1518=DIRECTION('',(1.,0.,0.));
#1519=DIRECTION('',(0.,0.,1.));
#1520=DIRECTION('',(0.,0.,1.));
#1521=DIRECTION('',(1.,0.,0.));
#1522=DIRECTION('',(0.,0.,1.));
#1523=DIRECTION('',(1.,0.,0.));
#1524=DIRECTION('',(0.,0.,-1.));
#1525=DIRECTION('',(0.,0.,1.));
#1526=DIRECTION('',(0.,1.,0.));
#1527=DIRECTION('',(0.,1.,0.));
#1528=DIRECTION('',(0.,0.,1.));
#1529=DIRECTION('',(0.,0.,1.));
#1530=DIRECTION('',(1.,0.,0.));
#1531=DIRECTION('',(1.,0.,0.));
#1532=DIRECTION('',(0.,0.,1.));
#1533=DIRECTION('',(-1.,0.,0.));
#1534=DIRECTION('',(1.,0.,0.));
#1535=DIRECTION('',(0.,0.,-1.));
#1536=DIRECTION('',(0.,0.,-1.));
#1537=DIRECTION('',(0.,-0.707106781186548,-0.707106781186547));
#1538=DIRECTION('',(0.,0.,1.));
#1539=DIRECTION('',(0.,1.,0.));
#1540=DIRECTION('',(0.,1.,0.));
#1541=DIRECTION('',(0.,0.,1.));
#1542=DIRECTION('',(1.,0.,0.));
#1543=DIRECTION('',(0.,0.,1.));
#1544=DIRECTION('',(1.,0.,0.));
#1545=DIRECTION('',(0.,0.,1.));
#1546=DIRECTION('',(1.,0.,0.));
#1547=DIRECTION('',(0.,0.,1.));
#1548=DIRECTION('',(1.,0.,0.));
#1549=DIRECTION('',(0.,0.,1.));
#1550=DIRECTION('',(1.,0.,0.));
#1551=DIRECTION('',(0.,0.,1.));
#1552=DIRECTION('',(1.,0.,0.));
#1553=DIRECTION('',(0.,0.,1.));
#1554=DIRECTION('',(1.,0.,0.));
#1555=DIRECTION('',(0.,0.,1.));
#1556=DIRECTION('',(1.,0.,0.));
#1557=DIRECTION('',(1.,0.,0.));
#1558=DIRECTION('',(0.,0.,-1.));
#1559=DIRECTION('',(0.,1.,0.));
#1560=DIRECTION('',(0.,0.,1.));
#1561=DIRECTION('',(1.,0.,0.));
#1562=DIRECTION('',(0.,0.,1.));
#1563=DIRECTION('',(1.,0.,0.));
#1564=DIRECTION('',(0.,0.,1.));
#1565=DIRECTION('',(1.,0.,0.));
#1566=DIRECTION('',(1.,0.,0.));
#1567=DIRECTION('',(1.,0.,0.));
#1568=DIRECTION('',(0.,0.,-1.));
#1569=DIRECTION('',(0.,-1.,0.));
#1570=DIRECTION('',(1.,0.,0.));
#1571=DIRECTION('',(0.,0.,-1.));
#1572=DIRECTION('',(0.,-1.,0.));
#1573=DIRECTION('',(0.,0.,1.));
#1574=DIRECTION('',(1.,0.,0.));
#1575=DIRECTION('',(0.,0.,1.));
#1576=DIRECTION('',(1.,0.,0.));
#1577=DIRECTION('',(0.,0.,1.));
#1578=DIRECTION('',(1.,0.,0.));
#1579=DIRECTION('',(0.,0.,1.));
#1580=DIRECTION('',(1.,0.,0.));
#1581=DIRECTION('',(0.,0.,1.));
#1582=DIRECTION('',(1.,0.,0.));
#1583=DIRECTION('',(0.,0.,1.));
#1584=DIRECTION('',(1.,0.,0.));
#1585=DIRECTION('',(0.,0.,1.));
#1586=DIRECTION('',(1.,0.,0.));
#1587=DIRECTION('',(0.,0.,1.));
#1588=DIRECTION('',(1.,0.,0.));
#1589=DIRECTION('',(0.,0.,1.));
#1590=DIRECTION('',(1.,0.,0.));
#1591=DIRECTION('',(0.,0.,1.));
#1592=DIRECTION('',(1.,0.,0.));
#1593=DIRECTION('',(0.,0.,1.));
#1594=DIRECTION('',(1.,0.,0.));
#1595=DIRECTION('',(0.,0.,1.));
#1596=DIRECTION('',(1.,0.,0.));
#1597=DIRECTION('',(0.,0.,1.));
#1598=DIRECTION('',(1.,0.,0.));
#1599=DIRECTION('',(0.,0.,1.));
#1600=DIRECTION('',(1.,0.,0.));
#1601=DIRECTION('',(0.,0.,1.));
#1602=DIRECTION('',(1.,0.,0.));
#1603=DIRECTION('',(0.,0.,1.));
#1604=DIRECTION('',(1.,0.,0.));
#1605=DIRECTION('',(0.,0.,1.));
#1606=DIRECTION('',(1.,0.,0.));
#1607=DIRECTION('',(0.,0.,-1.));
#1608=DIRECTION('',(-1.,0.,0.));
#1609=DIRECTION('',(0.,-1.,0.));
#1610=DIRECTION('',(0.,0.,-1.));
#1611=DIRECTION('',(0.,-1.,0.));
#1612=DIRECTION('',(0.,0.,-1.));
#1613=DIRECTION('',(0.,-1.,0.));
#1614=DIRECTION('',(0.,-1.,0.));
#1615=DIRECTION('',(0.,0.,-1.));
#1616=DIRECTION('',(0.,-1.,0.));
#1617=DIRECTION('',(0.,-1.,0.));
#1618=DIRECTION('',(0.,0.,-1.));
#1619=DIRECTION('',(0.,0.,1.));
#1620=DIRECTION('',(1.,0.,0.));
#1621=DIRECTION('',(-1.,0.,0.));
#1622=DIRECTION('',(0.,-1.,0.));
#1623=DIRECTION('',(1.,0.,0.));
#1624=DIRECTION('',(0.,1.,0.));
#1625=DIRECTION('',(0.,0.,1.));
#1626=DIRECTION('',(-1.,0.,0.));
#1627=DIRECTION('',(1.,0.,0.));
#1628=DIRECTION('',(0.,0.,-1.));
#1629=DIRECTION('',(1.,0.,0.));
#1630=DIRECTION('',(0.,1.,0.));
#1631=DIRECTION('',(0.,0.,1.));
#1632=DIRECTION('',(-1.,0.,0.));
#1633=DIRECTION('',(1.,0.,0.));
#1634=DIRECTION('',(0.,0.,-1.));
#1635=DIRECTION('',(1.,0.,0.));
#1636=DIRECTION('',(0.,0.707106781186547,-0.707106781186548));
#1637=DIRECTION('',(-1.,0.,0.));
#1638=DIRECTION('',(0.,0.707106781186547,-0.707106781186548));
#1639=DIRECTION('',(-1.,0.,0.));
#1640=DIRECTION('',(0.,0.,1.));
#1641=DIRECTION('',(1.,0.,0.));
#1642=DIRECTION('',(0.,0.,1.));
#1643=DIRECTION('',(1.,0.,0.));
#1644=DIRECTION('',(0.,0.,1.));
#1645=DIRECTION('',(1.,0.,0.));
#1646=DIRECTION('',(0.,0.,1.));
#1647=DIRECTION('',(1.,0.,0.));
#1648=DIRECTION('',(0.,0.,1.));
#1649=DIRECTION('',(1.,0.,0.));
#1650=DIRECTION('',(0.,0.,1.));
#1651=DIRECTION('',(1.,0.,0.));
#1652=DIRECTION('',(0.,0.,1.));
#1653=DIRECTION('',(1.,0.,0.));
#1654=DIRECTION('',(0.,0.,1.));
#1655=DIRECTION('',(1.,0.,0.));
#1656=DIRECTION('',(0.,0.,1.));
#1657=DIRECTION('',(1.,0.,0.));
#1658=DIRECTION('',(0.,0.,1.));
#1659=DIRECTION('',(1.,0.,0.));
#1660=DIRECTION('',(0.,0.,1.));
#1661=DIRECTION('',(1.,0.,0.));
#1662=DIRECTION('',(0.,0.,1.));
#1663=DIRECTION('',(1.,0.,0.));
#1664=CARTESIAN_POINT('',(0.,0.,0.));
#1665=CARTESIAN_POINT('',(0.0215000127000253,0.011210188380316,0.0068));
#1666=CARTESIAN_POINT('',(0.0215000127000253,0.011210188380316,0.0068));
#1667=CARTESIAN_POINT('',(0.0227500127000253,0.011210188380316,0.0068));
#1668=CARTESIAN_POINT('',(0.0215000127000253,0.011210188380316,0.0083));
#1669=CARTESIAN_POINT('',(0.0222793297363091,0.013847453053601,0.00829999999999978));
#1670=CARTESIAN_POINT('',(0.024108479860335,0.0103393272699284,0.0082999999999997));
#1671=CARTESIAN_POINT('',(0.022279329736322,0.0138474530535977,0.00830000000000019));
#1672=CARTESIAN_POINT('',(0.0222765148369277,0.0137726368226694,0.00822745312659345));
#1673=CARTESIAN_POINT('',(0.0222357427802131,0.0136266705340174,0.00807574731336973));
#1674=CARTESIAN_POINT('',(0.0219248247472582,0.0134570468736862,0.00782617446037769));
#1675=CARTESIAN_POINT('',(0.0213842246187192,0.0134517272124481,0.00776216001652814));
#1676=CARTESIAN_POINT('',(0.0207881511172328,0.0135052051200639,0.00793672741648292));
#1677=CARTESIAN_POINT('',(0.0204586266451149,0.0136161627779735,0.00816994453805341));
#1678=CARTESIAN_POINT('',(0.0203166057154278,0.0136925356382163,0.00829999999999974));
#1679=CARTESIAN_POINT('',(0.0203166057154282,0.0136925356382166,0.0083));
#1680=CARTESIAN_POINT('',(0.0215000127000253,0.011210188380316,0.0083));
#1681=CARTESIAN_POINT('',(0.0228578070345706,0.00881876734982461,0.0083));
#1682=CARTESIAN_POINT('',(0.0228578070345707,0.00881876734982461,0.0083));
#1683=CARTESIAN_POINT('',(0.0228765030881334,0.00897900290404676,0.00816988898960239));
#1684=CARTESIAN_POINT('',(0.0229745642343599,0.00931303927584342,0.00793685642786921));
#1685=CARTESIAN_POINT('',(0.0232697569564557,0.00982946341956955,0.00776230748239153));
#1686=CARTESIAN_POINT('',(0.0235854181696881,0.010271514590482,0.00782635132001151));
#1687=CARTESIAN_POINT('',(0.0239006750195223,0.0104299220854508,0.00807403925207631));
#1688=CARTESIAN_POINT('',(0.0240453677251423,0.0103799533469039,0.00822727068997351));
#1689=CARTESIAN_POINT('',(0.0241084798603353,0.0103393272699293,0.00829999999999992));
#1690=CARTESIAN_POINT('',(0.0215000127000253,-0.011210188380316,0.0068));
#1691=CARTESIAN_POINT('',(0.0215000127000253,-0.011210188380316,0.0068));
#1692=CARTESIAN_POINT('',(0.0227500127000253,-0.011210188380316,0.0068));
#1693=CARTESIAN_POINT('',(0.0215000127000253,-0.011210188380316,0.0083));
#1694=CARTESIAN_POINT('',(0.024108479860335,-0.0103393272699287,0.00829999999999979));
#1695=CARTESIAN_POINT('',(0.0222793297363088,-0.0138474530536012,0.0082999999999997));
#1696=CARTESIAN_POINT('',(0.0241084798603397,-0.0103393272699412,0.0083000000000002));
#1697=CARTESIAN_POINT('',(0.0240455260377254,-0.0103798514391142,0.00822745312659346));
#1698=CARTESIAN_POINT('',(0.0239025054478576,-0.0104299875429262,0.00807574731336973));
#1699=CARTESIAN_POINT('',(0.0235854300697686,-0.0102721730506562,0.0078261744603777));
#1700=CARTESIAN_POINT('',(0.0232715760956296,-0.00983197709350844,0.00776216001652813));
#1701=CARTESIAN_POINT('',(0.0229741722381254,-0.00931263669327096,0.00793672741648293));
#1702=CARTESIAN_POINT('',(0.0228764951062041,-0.00897893449448737,0.00816994453805341));
#1703=CARTESIAN_POINT('',(0.0228578070345701,-0.00881876734982449,0.00829999999999974));
#1704=CARTESIAN_POINT('',(0.0228578070345706,-0.00881876734982459,0.0083));
#1705=CARTESIAN_POINT('',(0.0215000127000253,-0.011210188380316,0.0083));
#1706=CARTESIAN_POINT('',(0.0203166057154282,-0.0136925356382166,0.0083));
#1707=CARTESIAN_POINT('',(0.0203166057154282,-0.0136925356382166,0.00830000000000001));
#1708=CARTESIAN_POINT('',(0.0204586873041801,-0.0136161301580897,0.0081698889896024));
#1709=CARTESIAN_POINT('',(0.0207887056141775,-0.0135052960426343,0.00793685642786922));
#1710=CARTESIAN_POINT('',(0.0213811221885596,-0.0134516747614212,0.00776230748239153));
#1711=CARTESIAN_POINT('',(0.021924278058844,-0.013457414083695,0.00782635132001151));
#1712=CARTESIAN_POINT('',(0.0222346411951364,-0.0136252072285501,0.00807403925207631));
#1713=CARTESIAN_POINT('',(0.022276507758171,-0.0137724486792062,0.00822727068997352));
#1714=CARTESIAN_POINT('',(0.0222793297363098,-0.0138474530536009,0.00829999999999992));
#1715=CARTESIAN_POINT('',(-0.0214999872999749,-0.0112102370949208,0.0068));
#1716=CARTESIAN_POINT('',(-0.0214999872999749,-0.0112102370949208,0.0068));
#1717=CARTESIAN_POINT('',(-0.0202499872999749,-0.0112102370949208,0.0068));
#1718=CARTESIAN_POINT('',(-0.0214999872999749,-0.0112102370949208,0.0083));
#1719=CARTESIAN_POINT('',(-0.022857787052988,-0.00881881914091994,0.0083));
#1720=CARTESIAN_POINT('',(-0.0203165746908893,-0.0136925816714567,0.0083));
#1721=CARTESIAN_POINT('',(-0.022857787052988,-0.00881881914091994,0.00830000000000001));
#1722=CARTESIAN_POINT('',(-0.0228764827434897,-0.00897905473750312,0.00816988898960241));
#1723=CARTESIAN_POINT('',(-0.0229745431328577,-0.00931309133148543,0.00793685642786922));
#1724=CARTESIAN_POINT('',(-0.0232697346848412,-0.00982951614405661,0.00776230748239153));
#1725=CARTESIAN_POINT('',(-0.0235853948964753,-0.0102715680301918,0.00782635132001151));
#1726=CARTESIAN_POINT('',(-0.0239006513873897,-0.0104299762394677,0.00807403925207632));
#1727=CARTESIAN_POINT('',(-0.0240453442062283,-0.010380007828765,0.00822727068997353));
#1728=CARTESIAN_POINT('',(-0.0241084564334715,-0.0103393818947897,0.00829999999999994));
#1729=CARTESIAN_POINT('',(-0.0241084564334712,-0.0103393818947888,0.0082999999999997));
#1730=CARTESIAN_POINT('',(-0.0214999872999749,-0.0112102370949208,0.0083));
#1731=CARTESIAN_POINT('',(-0.0222792983607541,-0.0138475035339721,0.00829999999999978));
#1732=CARTESIAN_POINT('',(-0.022279298360767,-0.0138475035339688,0.00830000000000018));
#1733=CARTESIAN_POINT('',(-0.022276483630891,-0.0137726872966628,0.00822745312659344));
#1734=CARTESIAN_POINT('',(-0.0222357119049062,-0.01362672091563,0.00807574731336972));
#1735=CARTESIAN_POINT('',(-0.0219247942562847,-0.0134570965508225,0.00782617446037769));
#1736=CARTESIAN_POINT('',(-0.0213841941398003,-0.0134517756646951,0.00776216001652814));
#1737=CARTESIAN_POINT('',(-0.0207881205171454,-0.01350525222173,0.00793672741648293));
#1738=CARTESIAN_POINT('',(-0.020458595793621,-0.0136162091330042,0.00816994453805341));
#1739=CARTESIAN_POINT('',(-0.020316574690889,-0.0136925816714564,0.00829999999999974));
#1740=CARTESIAN_POINT('',(-0.0214999872999749,0.0112102370949208,0.0068));
#1741=CARTESIAN_POINT('',(-0.0214999872999749,0.0112102370949208,0.0068));
#1742=CARTESIAN_POINT('',(-0.0202499872999749,0.0112102370949208,0.0068));
#1743=CARTESIAN_POINT('',(-0.0214999872999749,0.0112102370949208,0.0083));
#1744=CARTESIAN_POINT('',(-0.0203165746908894,0.0136925816714567,0.0083));
#1745=CARTESIAN_POINT('',(-0.022857787052988,0.00881881914091993,0.0083));
#1746=CARTESIAN_POINT('',(-0.0203165746908894,0.0136925816714568,0.00829999999999999));
#1747=CARTESIAN_POINT('',(-0.0204586564527602,0.0136161765132578,0.00816988898960238));
#1748=CARTESIAN_POINT('',(-0.0207886750138842,0.0135053431455568,0.0079368564278692));
#1749=CARTESIAN_POINT('',(-0.0213810917097597,0.0134517232066387,0.00776230748239154));
#1750=CARTESIAN_POINT('',(-0.0219242475670384,0.0134574637595926,0.00782635132001151));
#1751=CARTESIAN_POINT('',(-0.0222346103231452,0.0136252576076668,0.00807403925207631));
#1752=CARTESIAN_POINT('',(-0.0222764765525605,0.0137724991531835,0.00822727068997351));
#1753=CARTESIAN_POINT('',(-0.0222792983607547,0.013847503533972,0.00829999999999992));
#1754=CARTESIAN_POINT('',(-0.0222792983607538,0.0138475035339724,0.00829999999999969));
#1755=CARTESIAN_POINT('',(-0.0214999872999749,0.0112102370949208,0.0083));
#1756=CARTESIAN_POINT('',(-0.0241084564334711,0.0103393818947891,0.00829999999999978));
#1757=CARTESIAN_POINT('',(-0.0241084564334758,0.0103393818948016,0.0083000000000002));
#1758=CARTESIAN_POINT('',(-0.0240455025190422,0.010379905921334,0.00822745312659346));
#1759=CARTESIAN_POINT('',(-0.0239024818155766,0.0104300417010904,0.00807574731336972));
#1760=CARTESIAN_POINT('',(-0.0235854067950639,0.0102722264903928,0.00782617446037769));
#1761=CARTESIAN_POINT('',(-0.0232715538183197,0.00983202982211729,0.00776216001652814));
#1762=CARTESIAN_POINT('',(-0.0229741511375354,0.0093126887480248,0.00793672741648293));
#1763=CARTESIAN_POINT('',(-0.0228764747617154,0.00897898632792565,0.00816994453805341));
#1764=CARTESIAN_POINT('',(-0.0228577870529874,0.00881881914091984,0.00829999999999975));
#1765=CARTESIAN_POINT('',(-0.0214999872999749,0.0112102370949208,0.0093));
#1766=CARTESIAN_POINT('',(-0.0214999872999749,0.0112102370949208,0.0093));
#1767=CARTESIAN_POINT('',(-0.022857787052988,0.00881881914091994,0.0093));
#1768=CARTESIAN_POINT('',(-0.0203165746908894,0.0136925816714567,0.0093));
#1769=CARTESIAN_POINT('',(-0.0203165746908894,0.0136925816714568,0.0093));
#1770=CARTESIAN_POINT('',(-0.0201561368843278,0.0136160958664426,0.0089955242157392));
#1771=CARTESIAN_POINT('',(-0.0201561346797923,0.0136160948154704,0.00860447996798592));
#1772=CARTESIAN_POINT('',(-0.0203165746908894,0.0136925816714568,0.00829999999999999));
#1773=CARTESIAN_POINT('',(-0.022857787052988,0.00881881914091996,0.00830000000000001));
#1774=CARTESIAN_POINT('',(-0.0227032259760374,0.00873106242246016,0.0086044757842608));
#1775=CARTESIAN_POINT('',(-0.0227032238522525,0.00873106121661717,0.00899552003201407));
#1776=CARTESIAN_POINT('',(-0.022857787052988,0.00881881914091995,0.00929999999999999));
#1777=CARTESIAN_POINT('',(-0.0214999872999749,0.0112102370949208,0.0093));
#1778=CARTESIAN_POINT('',(-0.0242383335898228,0.0109573347483989,0.00929999999999996));
#1779=CARTESIAN_POINT('',(-0.0242210159341084,0.0107698246721719,0.00903376130840204));
#1780=CARTESIAN_POINT('',(-0.0241872002877792,0.0106051834687829,0.0087555291152587));
#1781=CARTESIAN_POINT('',(-0.0241439822083189,0.0104540685127575,0.00847016269459977));
#1782=CARTESIAN_POINT('',(-0.0242383335898228,0.0109573347483988,0.0093));
#1783=CARTESIAN_POINT('',(-0.024143982208319,0.0104540685127575,0.0084701626945998));
#1784=CARTESIAN_POINT('',(-0.0241439822083198,0.0104540685127562,0.00847016269460023));
#1785=CARTESIAN_POINT('',(-0.0241348164293228,0.0104220197427193,0.00840964159839287));
#1786=CARTESIAN_POINT('',(-0.0241229343893095,0.0103827476585971,0.00835265183655292));
#1787=CARTESIAN_POINT('',(-0.0241084564334715,0.0103393818947893,0.00829999999999959));
#1788=CARTESIAN_POINT('',(-0.0222792983607619,0.0138475035339717,0.00829999999999448));
#1789=CARTESIAN_POINT('',(-0.022323310321393,0.0138344980191633,0.00835285291366419));
#1790=CARTESIAN_POINT('',(-0.0223619082605843,0.0138218879388165,0.00840918747218308));
#1791=CARTESIAN_POINT('',(-0.0223936692326065,0.0138109740295777,0.00847016269459973));
#1792=CARTESIAN_POINT('',(-0.0223936692326064,0.0138109740295776,0.0084701626945998));
#1793=CARTESIAN_POINT('',(-0.0223936692326064,0.0138109740295776,0.00847016269459978));
#1794=CARTESIAN_POINT('',(-0.0225423118212414,0.0137598965083902,0.00875552911525871));
#1795=CARTESIAN_POINT('',(-0.0226966618636386,0.0136933661528971,0.00903376130840206));
#1796=CARTESIAN_POINT('',(-0.0228603172972796,0.0136002166551751,0.00929999999999998));
#1797=CARTESIAN_POINT('',(-0.0228603172972795,0.0136002166551751,0.0093));
#1798=CARTESIAN_POINT('',(-0.0214999872999749,0.0112102370949208,0.0093));
#1799=CARTESIAN_POINT('',(-0.0214999872999749,-0.0112102370949208,0.0093));
#1800=CARTESIAN_POINT('',(-0.0214999872999749,-0.0112102370949208,0.0093));
#1801=CARTESIAN_POINT('',(-0.0203165746908894,-0.0136925816714567,0.0093));
#1802=CARTESIAN_POINT('',(-0.022857787052988,-0.00881881914091994,0.0093));
#1803=CARTESIAN_POINT('',(-0.022857787052988,-0.00881881914091996,0.00929999999999999));
#1804=CARTESIAN_POINT('',(-0.0227032259760374,-0.00873106242246016,0.0089955242157392));
#1805=CARTESIAN_POINT('',(-0.0227032238522525,-0.00873106121661717,0.00860447996798593));
#1806=CARTESIAN_POINT('',(-0.022857787052988,-0.00881881914091995,0.00830000000000001));
#1807=CARTESIAN_POINT('',(-0.0203165746908894,-0.0136925816714568,0.00830000000000001));
#1808=CARTESIAN_POINT('',(-0.0201561368843278,-0.0136160958664426,0.0086044757842608));
#1809=CARTESIAN_POINT('',(-0.0201561346797923,-0.0136160948154703,0.00899552003201407));
#1810=CARTESIAN_POINT('',(-0.0203165746908894,-0.0136925816714568,0.00930000000000001));
#1811=CARTESIAN_POINT('',(-0.0214999872999749,-0.0112102370949208,0.0093));
#1812=CARTESIAN_POINT('',(-0.0228603172972796,-0.0136002166551751,0.00929999999999998));
#1813=CARTESIAN_POINT('',(-0.0226966618636386,-0.0136933661528971,0.00903376130840206));
#1814=CARTESIAN_POINT('',(-0.0225423118212414,-0.0137598965083902,0.00875552911525871));
#1815=CARTESIAN_POINT('',(-0.0223936692326064,-0.0138109740295776,0.00847016269459978));
#1816=CARTESIAN_POINT('',(-0.0228603172972795,-0.0136002166551751,0.0093));
#1817=CARTESIAN_POINT('',(-0.0223936692326064,-0.0138109740295776,0.0084701626945998));
#1818=CARTESIAN_POINT('',(-0.0223936692326058,-0.0138109740295791,0.00847016269460025));
#1819=CARTESIAN_POINT('',(-0.0223621448073195,-0.013821806655109,0.00840964159839287));
#1820=CARTESIAN_POINT('',(-0.0223231428793747,-0.0138345474982038,0.00835265183655293));
#1821=CARTESIAN_POINT('',(-0.0222792983607544,-0.0138475035339723,0.0082999999999996));
#1822=CARTESIAN_POINT('',(-0.0241084564334753,-0.0103393818947958,0.00829999999999449));
#1823=CARTESIAN_POINT('',(-0.0241229896805586,-0.0103829132722521,0.00835285291366419));
#1824=CARTESIAN_POINT('',(-0.0241347476529658,-0.0104217792615105,0.00840918747218307));
#1825=CARTESIAN_POINT('',(-0.024143982208319,-0.0104540685127576,0.00847016269459972));
#1826=CARTESIAN_POINT('',(-0.024143982208319,-0.0104540685127575,0.0084701626945998));
#1827=CARTESIAN_POINT('',(-0.0241439822083189,-0.0104540685127575,0.00847016269459977));
#1828=CARTESIAN_POINT('',(-0.0241872002877792,-0.0106051834687829,0.0087555291152587));
#1829=CARTESIAN_POINT('',(-0.0242210159341084,-0.0107698246721719,0.00903376130840204));
#1830=CARTESIAN_POINT('',(-0.0242383335898228,-0.0109573347483989,0.00929999999999997));
#1831=CARTESIAN_POINT('',(-0.0242383335898228,-0.0109573347483988,0.0093));
#1832=CARTESIAN_POINT('',(-0.0214999872999749,-0.0112102370949208,0.0093));
#1833=CARTESIAN_POINT('',(0.0215000127000253,-0.011210188380316,0.0093));
#1834=CARTESIAN_POINT('',(0.0215000127000253,-0.011210188380316,0.0093));
#1835=CARTESIAN_POINT('',(0.0228578070345706,-0.0088187673498246,0.0093));
#1836=CARTESIAN_POINT('',(0.0203166057154282,-0.0136925356382166,0.0093));
#1837=CARTESIAN_POINT('',(0.0203166057154282,-0.0136925356382166,0.0093));
#1838=CARTESIAN_POINT('',(0.0201561677355658,-0.0136160501967219,0.0089955242157392));
#1839=CARTESIAN_POINT('',(0.0201561655310279,-0.0136160491457547,0.00860447996798593));
#1840=CARTESIAN_POINT('',(0.0203166057154282,-0.0136925356382166,0.0083));
#1841=CARTESIAN_POINT('',(0.0228578070345707,-0.0088187673498246,0.00830000000000001));
#1842=CARTESIAN_POINT('',(0.0227032457587817,-0.00873101098156884,0.00860447578426081));
#1843=CARTESIAN_POINT('',(0.0227032436349941,-0.00873100977573066,0.00899552003201406));
#1844=CARTESIAN_POINT('',(0.0228578070345706,-0.0088187673498246,0.0093));
#1845=CARTESIAN_POINT('',(0.0215000127000253,-0.011210188380316,0.0093));
#1846=CARTESIAN_POINT('',(0.0242383584168411,-0.0109572798292618,0.00929999999999997));
#1847=CARTESIAN_POINT('',(0.0242210403362673,-0.0107697697922736,0.00903376130840205));
#1848=CARTESIAN_POINT('',(0.0241872243168949,-0.0106051286655043,0.00875552911525871));
#1849=CARTESIAN_POINT('',(0.0241440058950391,-0.0104540138074027,0.00847016269459978));
#1850=CARTESIAN_POINT('',(0.0242383584168411,-0.0109572798292617,0.0093));
#1851=CARTESIAN_POINT('',(0.0241440058950391,-0.0104540138074026,0.0084701626945998));
#1852=CARTESIAN_POINT('',(0.02414400589504,-0.0104540138074014,0.00847016269460024));
#1853=CARTESIAN_POINT('',(0.0241348400434271,-0.0104219650581323,0.00840964159839287));
#1854=CARTESIAN_POINT('',(0.0241229579144313,-0.0103826930009325,0.00835265183655293));
#1855=CARTESIAN_POINT('',(0.0241084798603353,-0.0103393272699289,0.0082999999999996));
#1856=CARTESIAN_POINT('',(0.0222793297363169,-0.0138474530536006,0.00829999999999449));
#1857=CARTESIAN_POINT('',(0.0223233416674801,-0.0138344474390701,0.0083528529136642));
#1858=CARTESIAN_POINT('',(0.0223619395780994,-0.0138218372712683,0.00840918747218308));
#1859=CARTESIAN_POINT('',(0.0223937005253928,-0.0138109232900656,0.00847016269459973));
#1860=CARTESIAN_POINT('',(0.0223937005253927,-0.0138109232900656,0.0084701626945998));
#1861=CARTESIAN_POINT('',(0.0223937005253927,-0.0138109232900656,0.00847016269459978));
#1862=CARTESIAN_POINT('',(0.0225423429982962,-0.0137598454320846,0.00875552911525872));
#1863=CARTESIAN_POINT('',(0.0226966928899488,-0.013693314726866,0.00903376130840205));
#1864=CARTESIAN_POINT('',(0.0228603481125316,-0.0136001648583344,0.00929999999999998));
#1865=CARTESIAN_POINT('',(0.0228603481125315,-0.0136001648583345,0.0093));
#1866=CARTESIAN_POINT('',(0.0215000127000253,-0.011210188380316,0.0093));
#1867=CARTESIAN_POINT('',(0.0215000127000253,0.011210188380316,0.0093));
#1868=CARTESIAN_POINT('',(0.0215000127000253,0.011210188380316,0.0093));
#1869=CARTESIAN_POINT('',(0.0203166057154282,0.0136925356382166,0.0093));
#1870=CARTESIAN_POINT('',(0.0228578070345706,0.00881876734982461,0.0093));
#1871=CARTESIAN_POINT('',(0.0228578070345707,0.00881876734982462,0.0093));
#1872=CARTESIAN_POINT('',(0.0227032457587817,0.00873101098156885,0.0089955242157392));
#1873=CARTESIAN_POINT('',(0.0227032436349941,0.00873100977573067,0.00860447996798594));
#1874=CARTESIAN_POINT('',(0.0228578070345706,0.00881876734982462,0.0083));
#1875=CARTESIAN_POINT('',(0.0203166057154282,0.0136925356382166,0.0083));
#1876=CARTESIAN_POINT('',(0.0201561677355658,0.0136160501967219,0.0086044757842608));
#1877=CARTESIAN_POINT('',(0.0201561655310279,0.0136160491457547,0.00899552003201407));
#1878=CARTESIAN_POINT('',(0.0203166057154281,0.0136925356382166,0.0093));
#1879=CARTESIAN_POINT('',(0.0215000127000253,0.011210188380316,0.0093));
#1880=CARTESIAN_POINT('',(0.0228603481125316,0.0136001648583345,0.00929999999999998));
#1881=CARTESIAN_POINT('',(0.0226966928899488,0.013693314726866,0.00903376130840207));
#1882=CARTESIAN_POINT('',(0.0225423429982962,0.0137598454320846,0.00875552911525873));
#1883=CARTESIAN_POINT('',(0.0223937005253927,0.0138109232900656,0.0084701626945998));
#1884=CARTESIAN_POINT('',(0.0228603481125315,0.0136001648583345,0.0093));
#1885=CARTESIAN_POINT('',(0.0223937005253927,0.0138109232900656,0.00847016269459981));
#1886=CARTESIAN_POINT('',(0.0223937005253922,0.013810923290067,0.00847016269460026));
#1887=CARTESIAN_POINT('',(0.0223621761246505,0.0138217559870248,0.00840964159839288));
#1888=CARTESIAN_POINT('',(0.0223231742255739,0.01383449691849,0.00835265183655294));
#1889=CARTESIAN_POINT('',(0.0222793297363094,0.0138474530536012,0.0082999999999996));
#1890=CARTESIAN_POINT('',(0.0241084798603391,0.0103393272699354,0.00829999999999449));
#1891=CARTESIAN_POINT('',(0.0241230132060556,0.0103828586144622,0.00835285291366419));
#1892=CARTESIAN_POINT('',(0.0241347712665252,0.0104217245770794,0.00840918747218308));
#1893=CARTESIAN_POINT('',(0.0241440058950392,0.0104540138074027,0.00847016269459972));
#1894=CARTESIAN_POINT('',(0.0241440058950391,0.0104540138074026,0.0084701626945998));
#1895=CARTESIAN_POINT('',(0.0241440058950391,0.0104540138074027,0.00847016269459978));
#1896=CARTESIAN_POINT('',(0.0241872243168949,0.0106051286655043,0.00875552911525871));
#1897=CARTESIAN_POINT('',(0.0242210403362673,0.0107697697922736,0.00903376130840205));
#1898=CARTESIAN_POINT('',(0.0242383584168411,0.0109572798292618,0.00929999999999998));
#1899=CARTESIAN_POINT('',(0.0242383584168411,0.0109572798292617,0.0093));
#1900=CARTESIAN_POINT('',(0.0215000127000253,0.011210188380316,0.0093));
#1901=CARTESIAN_POINT('',(0.,0.,0.0093));
#1902=CARTESIAN_POINT('',(0.,1.94412679364643E-18,0.0093));
#1903=CARTESIAN_POINT('',(0.03075,1.94412679364643E-18,0.0093));
#1904=CARTESIAN_POINT('',(0.,0.,0.0093));
#1905=CARTESIAN_POINT('',(0.,0.,0.0093));
#1906=CARTESIAN_POINT('',(0.,0.,0.0093));
#1907=CARTESIAN_POINT('',(0.,0.,0.0093));
#1908=CARTESIAN_POINT('',(0.0063,0.0160908326913241,0.0073));
#1909=CARTESIAN_POINT('',(0.0063,0.0160908326913241,0.0073));
#1910=CARTESIAN_POINT('',(0.0063,0.0135500000000045,0.0073));
#1911=CARTESIAN_POINT('',(0.0063,0.0162500000000045,0.0073));
#1912=CARTESIAN_POINT('',(0.0063,0.0161704163456643,0.0072204163456598));
#1913=CARTESIAN_POINT('',(0.0063,0.0172500000000045,0.0083));
#1914=CARTESIAN_POINT('',(0.0063,0.0172500000000045,0.0088));
#1915=CARTESIAN_POINT('',(0.0063,0.0172500000000045,0.0088));
#1916=CARTESIAN_POINT('',(0.0063,0.0160908326913241,0.0088));
#1917=CARTESIAN_POINT('',(0.0063,0.0175500000000045,0.0088));
#1918=CARTESIAN_POINT('',(0.0063,0.0175500000000045,0.0073));
#1919=CARTESIAN_POINT('',(0.0063,0.0175500000000045,0.0093));
#1920=CARTESIAN_POINT('',(0.0063,0.0160908326913241,0.0093));
#1921=CARTESIAN_POINT('',(0.0063,0.0135500000000045,0.0093));
#1922=CARTESIAN_POINT('',(0.0063,0.0135500000000045,0.0073));
#1923=CARTESIAN_POINT('',(-0.0027,0.0160908326913241,0.0073));
#1924=CARTESIAN_POINT('',(-0.0027,0.0160908326913241,0.0073));
#1925=CARTESIAN_POINT('',(-0.0027,0.0135500000000045,0.0073));
#1926=CARTESIAN_POINT('',(-0.0027,0.0162500000000045,0.0073));
#1927=CARTESIAN_POINT('',(-0.0027,0.0161704163456643,0.0072204163456598));
#1928=CARTESIAN_POINT('',(-0.0027,0.0172500000000045,0.0083));
#1929=CARTESIAN_POINT('',(-0.0027,0.0172500000000045,0.0088));
#1930=CARTESIAN_POINT('',(-0.0027,0.0172500000000045,0.0088));
#1931=CARTESIAN_POINT('',(-0.0027,0.0160908326913241,0.0088));
#1932=CARTESIAN_POINT('',(-0.0027,0.0175500000000045,0.0088));
#1933=CARTESIAN_POINT('',(-0.0027,0.0175500000000045,0.0073));
#1934=CARTESIAN_POINT('',(-0.0027,0.0175500000000045,0.0093));
#1935=CARTESIAN_POINT('',(-0.0027,0.0160908326913241,0.0093));
#1936=CARTESIAN_POINT('',(-0.0027,0.0135500000000045,0.0093));
#1937=CARTESIAN_POINT('',(-0.0027,0.0135500000000045,0.0073));
#1938=CARTESIAN_POINT('',(0.,0.,0.0073));
#1939=CARTESIAN_POINT('',(0.,0.021,0.0073));
#1940=CARTESIAN_POINT('',(-0.00380621778264911,0.021,0.0073));
#1941=CARTESIAN_POINT('',(0.00380621778264911,0.021,0.0073));
#1942=CARTESIAN_POINT('',(0.00380621778264911,0.031752,0.0073));
#1943=CARTESIAN_POINT('',(0.00380621778264911,0.0300095852385754,0.0073));
#1944=CARTESIAN_POINT('',(0.,1.85227828371065E-18,0.0073));
#1945=CARTESIAN_POINT('',(-0.00380621778264911,0.0300095852385754,0.0073));
#1946=CARTESIAN_POINT('',(-0.00380621778264911,0.031752,0.0073));
#1947=CARTESIAN_POINT('',(0.0215000127000253,0.011210188380316,0.0073));
#1948=CARTESIAN_POINT('',(0.0242500127000253,0.011210188380316,0.0073));
#1949=CARTESIAN_POINT('',(0.0215000127000253,-0.011210188380316,0.0073));
#1950=CARTESIAN_POINT('',(0.0242500127000253,-0.011210188380316,0.0073));
#1951=CARTESIAN_POINT('',(-0.0214999872999749,-0.0112102370949208,0.0073));
#1952=CARTESIAN_POINT('',(-0.0187499872999749,-0.0112102370949208,0.0073));
#1953=CARTESIAN_POINT('',(-0.0214999872999749,0.0112102370949208,0.0073));
#1954=CARTESIAN_POINT('',(-0.0187499872999749,0.0112102370949208,0.0073));
#1955=CARTESIAN_POINT('',(0.00645,0.0175500000000045,0.0073));
#1956=CARTESIAN_POINT('',(0.0024,0.0175500000000045,0.0073));
#1957=CARTESIAN_POINT('',(0.0066,0.0175500000000045,0.0073));
#1958=CARTESIAN_POINT('',(0.0024,0.0155500000000045,0.0073));
#1959=CARTESIAN_POINT('',(0.0024,0.0135500000000045,0.0073));
#1960=CARTESIAN_POINT('',(0.0045,0.0135500000000045,0.0073));
#1961=CARTESIAN_POINT('',(0.0066,0.0135500000000045,0.0073));
#1962=CARTESIAN_POINT('',(0.0066,0.0155500000000045,0.0073));
#1963=CARTESIAN_POINT('',(-0.00255,0.0175500000000045,0.0073));
#1964=CARTESIAN_POINT('',(-0.0066,0.0175500000000045,0.0073));
#1965=CARTESIAN_POINT('',(-0.0024,0.0175500000000045,0.0073));
#1966=CARTESIAN_POINT('',(-0.0066,0.0155500000000045,0.0073));
#1967=CARTESIAN_POINT('',(-0.0066,0.0135500000000045,0.0073));
#1968=CARTESIAN_POINT('',(-0.0045,0.0135500000000045,0.0073));
#1969=CARTESIAN_POINT('',(-0.0024,0.0135500000000045,0.0073));
#1970=CARTESIAN_POINT('',(-0.0024,0.0155500000000045,0.0073));
#1971=CARTESIAN_POINT('',(0.,0.,0.0073));
#1972=CARTESIAN_POINT('',(-0.0063,0.0160908326913241,0.0073));
#1973=CARTESIAN_POINT('',(-0.0063,0.0135500000000045,0.0073));
#1974=CARTESIAN_POINT('',(-0.0063,0.0162500000000045,0.0073));
#1975=CARTESIAN_POINT('',(-0.0027,0.0162500000000045,0.0073));
#1976=CARTESIAN_POINT('',(-0.0045,0.0135500000000045,0.0073));
#1977=CARTESIAN_POINT('',(0.,1.94412679364643E-18,0.0083));
#1978=CARTESIAN_POINT('',(0.,1.94412679364643E-18,0.0083));
#1979=CARTESIAN_POINT('',(0.03175,1.94412679364643E-18,0.0083));
#1980=CARTESIAN_POINT('',(-0.0045,0.0314294845646571,0.00615));
#1981=CARTESIAN_POINT('',(-0.0045,0.0314294845646571,0.00649458729316721));
#1982=CARTESIAN_POINT('',(-0.00421501232879013,0.0314720302399199,0.00716826456806651));
#1983=CARTESIAN_POINT('',(-0.00354276472297729,0.0315536053640778,0.00745));
#1984=CARTESIAN_POINT('',(-0.0032,0.0315883285407762,0.00745));
#1985=CARTESIAN_POINT('',(-0.0045,0.0314294845646571,0.00615));
#1986=CARTESIAN_POINT('',(-0.0032,0.0315883285407762,0.00745));
#1987=CARTESIAN_POINT('',(-0.0045,0.0314294845646571,0.0083));
#1988=CARTESIAN_POINT('',(-0.0045,0.0314294845646571,0.0057));
#1989=CARTESIAN_POINT('',(0.,1.94412679364643E-18,0.0057));
#1990=CARTESIAN_POINT('',(0.0045,0.0314294845646571,0.0057));
#1991=CARTESIAN_POINT('',(0.0045,0.0314294845646571,0.0083));
#1992=CARTESIAN_POINT('',(0.0045,0.0314294845646571,0.00615));
#1993=CARTESIAN_POINT('',(0.0032,0.0315883285407762,0.00745));
#1994=CARTESIAN_POINT('',(0.00354281394706414,0.0315536003775183,0.00745));
#1995=CARTESIAN_POINT('',(0.00421371555625417,0.0314721991340568,0.00716951112589783));
#1996=CARTESIAN_POINT('',(0.0045,0.0314294845646571,0.00649463098957826));
#1997=CARTESIAN_POINT('',(0.0045,0.0314294845646571,0.00615));
#1998=CARTESIAN_POINT('',(0.0032,0.0315883285407762,0.00745));
#1999=CARTESIAN_POINT('',(0.,1.94412679364643E-18,0.00745));
#2000=CARTESIAN_POINT('',(0.,1.85227828371065E-18,0.0083));
#2001=CARTESIAN_POINT('',(-0.00380621778264911,0.0300095852385754,0.0073));
#2002=CARTESIAN_POINT('',(-0.00422470515091296,0.0299565070620449,0.00707939610047342));
#2003=CARTESIAN_POINT('',(-0.0045,0.0299134167222715,0.00662614938195435));
#2004=CARTESIAN_POINT('',(-0.0045,0.0299134167222715,0.00615));
#2005=CARTESIAN_POINT('',(-0.0045,0.0299134167222715,0.00615));
#2006=CARTESIAN_POINT('',(0.0045,0.0299134167222715,0.00615));
#2007=CARTESIAN_POINT('',(0.0045,0.0299134167222715,0.00662602932743491));
#2008=CARTESIAN_POINT('',(0.00422460460136437,0.0299565198150862,0.00707944910475549));
#2009=CARTESIAN_POINT('',(0.00380621778264911,0.0300095852385754,0.0073));
#2010=CARTESIAN_POINT('',(0.0045,0.0299134167222715,0.00615));
#2011=CARTESIAN_POINT('',(0.0045,0.0299134167222715,0.0083));
#2012=CARTESIAN_POINT('',(0.0045,0.0299134167222715,0.0057));
#2013=CARTESIAN_POINT('',(0.,1.85227828371065E-18,0.0057));
#2014=CARTESIAN_POINT('',(-0.0045,0.0299134167222715,0.0057));
#2015=CARTESIAN_POINT('',(-0.0045,0.0299134167222715,0.0083));
#2016=CARTESIAN_POINT('',(0.,0.,0.0057));
#2017=CARTESIAN_POINT('',(0.0045,0.,0.0057));
#2018=CARTESIAN_POINT('',(-0.0045,0.,0.0057));
#2019=CARTESIAN_POINT('',(0.0066,0.0155500000000045,0.0073));
#2020=CARTESIAN_POINT('',(0.0066,0.0135500000000045,0.0073));
#2021=CARTESIAN_POINT('',(0.0066,0.0135500000000045,0.0093));
#2022=CARTESIAN_POINT('',(0.0066,0.0155500000000045,0.0093));
#2023=CARTESIAN_POINT('',(0.0066,0.0175500000000045,0.0093));
#2024=CARTESIAN_POINT('',(0.0066,0.0175500000000045,0.0073));
#2025=CARTESIAN_POINT('',(0.0045,0.0135500000000045,0.0073));
#2026=CARTESIAN_POINT('',(0.0024,0.0135500000000045,0.0073));
#2027=CARTESIAN_POINT('',(0.0024,0.0135500000000045,0.0093));
#2028=CARTESIAN_POINT('',(0.0045,0.0135500000000045,0.0093));
#2029=CARTESIAN_POINT('',(0.0024,0.0155500000000045,0.0073));
#2030=CARTESIAN_POINT('',(0.0024,0.0175500000000045,0.0073));
#2031=CARTESIAN_POINT('',(0.0024,0.0175500000000045,0.0093));
#2032=CARTESIAN_POINT('',(0.0024,0.0155500000000045,0.0093));
#2033=CARTESIAN_POINT('',(0.00255,0.0175500000000045,0.0073));
#2034=CARTESIAN_POINT('',(0.00645,0.0175500000000045,0.0093));
#2035=CARTESIAN_POINT('',(0.0045,0.0175500000000045,0.0088));
#2036=CARTESIAN_POINT('',(0.0027,0.0175500000000045,0.0088));
#2037=CARTESIAN_POINT('',(0.0027,0.0175500000000045,0.0073));
#2038=CARTESIAN_POINT('',(0.0027,0.0175500000000045,0.0093));
#2039=CARTESIAN_POINT('',(0.00255,0.0175500000000045,0.0093));
#2040=CARTESIAN_POINT('',(0.0027,0.0160908326913241,0.0073));
#2041=CARTESIAN_POINT('',(0.0027,0.0172500000000045,0.0088));
#2042=CARTESIAN_POINT('',(0.0027,0.0172500000000045,0.0088));
#2043=CARTESIAN_POINT('',(0.0027,0.0172500000000045,0.0083));
#2044=CARTESIAN_POINT('',(0.0027,0.0162500000000045,0.0073));
#2045=CARTESIAN_POINT('',(0.0027,0.0162500000000045,0.0073));
#2046=CARTESIAN_POINT('',(0.0027,0.0160908326913241,0.0073));
#2047=CARTESIAN_POINT('',(0.0027,0.0135500000000045,0.0073));
#2048=CARTESIAN_POINT('',(0.0027,0.0135500000000045,0.0073));
#2049=CARTESIAN_POINT('',(0.0027,0.0135500000000045,0.0093));
#2050=CARTESIAN_POINT('',(0.0027,0.0160908326913241,0.0093));
#2051=CARTESIAN_POINT('',(0.0027,0.0160908326913241,0.0088));
#2052=CARTESIAN_POINT('',(0.0045,0.0135500000000045,0.0073));
#2053=CARTESIAN_POINT('',(0.0045,0.0135500000000045,0.0093));
#2054=CARTESIAN_POINT('',(0.0045,0.0135500000000045,0.0073));
#2055=CARTESIAN_POINT('',(-0.0045,0.0135500000000045,0.0073));
#2056=CARTESIAN_POINT('',(-0.0066,0.0135500000000045,0.0073));
#2057=CARTESIAN_POINT('',(-0.0066,0.0135500000000045,0.0093));
#2058=CARTESIAN_POINT('',(-0.0045,0.0135500000000045,0.0093));
#2059=CARTESIAN_POINT('',(-0.0024,0.0135500000000045,0.0093));
#2060=CARTESIAN_POINT('',(-0.0024,0.0135500000000045,0.0073));
#2061=CARTESIAN_POINT('',(-0.0066,0.0155500000000045,0.0073));
#2062=CARTESIAN_POINT('',(-0.0066,0.0175500000000045,0.0073));
#2063=CARTESIAN_POINT('',(-0.0066,0.0175500000000045,0.0093));
#2064=CARTESIAN_POINT('',(-0.0066,0.0155500000000045,0.0093));
#2065=CARTESIAN_POINT('',(-0.00645,0.0175500000000045,0.0073));
#2066=CARTESIAN_POINT('',(-0.0024,0.0175500000000045,0.0073));
#2067=CARTESIAN_POINT('',(-0.0024,0.0175500000000045,0.0093));
#2068=CARTESIAN_POINT('',(-0.00255,0.0175500000000045,0.0093));
#2069=CARTESIAN_POINT('',(-0.0045,0.0175500000000045,0.0088));
#2070=CARTESIAN_POINT('',(-0.0063,0.0175500000000045,0.0088));
#2071=CARTESIAN_POINT('',(-0.0063,0.0175500000000045,0.0073));
#2072=CARTESIAN_POINT('',(-0.0063,0.0175500000000045,0.0093));
#2073=CARTESIAN_POINT('',(-0.00645,0.0175500000000045,0.0093));
#2074=CARTESIAN_POINT('',(-0.0063,0.0160908326913241,0.0073));
#2075=CARTESIAN_POINT('',(-0.0063,0.0172500000000045,0.0088));
#2076=CARTESIAN_POINT('',(-0.0063,0.0172500000000045,0.0088));
#2077=CARTESIAN_POINT('',(-0.0063,0.0172500000000045,0.0083));
#2078=CARTESIAN_POINT('',(-0.0063,0.0162500000000045,0.0073));
#2079=CARTESIAN_POINT('',(-0.0063,0.0135500000000045,0.0073));
#2080=CARTESIAN_POINT('',(-0.0063,0.0135500000000045,0.0093));
#2081=CARTESIAN_POINT('',(-0.0063,0.0160908326913241,0.0093));
#2082=CARTESIAN_POINT('',(-0.0063,0.0160908326913241,0.0088));
#2083=CARTESIAN_POINT('',(-0.0045,0.0135500000000045,0.0073));
#2084=CARTESIAN_POINT('',(-0.0045,0.0135500000000045,0.0093));
#2085=CARTESIAN_POINT('',(0.0215000127000253,-0.011210188380316,0.0073));
#2086=CARTESIAN_POINT('',(0.0215000127000253,-0.011210188380316,0.0057));
#2087=CARTESIAN_POINT('',(0.0227500127000253,-0.011210188380316,0.0057));
#2088=CARTESIAN_POINT('',(-0.0214999872999749,-0.0112102370949208,0.0073));
#2089=CARTESIAN_POINT('',(-0.0214999872999749,-0.0112102370949208,0.0057));
#2090=CARTESIAN_POINT('',(-0.0202499872999749,-0.0112102370949208,0.0057));
#2091=CARTESIAN_POINT('',(-0.0214999872999749,0.0112102370949208,0.0073));
#2092=CARTESIAN_POINT('',(-0.0214999872999749,0.0112102370949208,0.0057));
#2093=CARTESIAN_POINT('',(-0.0202499872999749,0.0112102370949208,0.0057));
#2094=CARTESIAN_POINT('',(-0.0024,0.0155500000000045,0.0073));
#2095=CARTESIAN_POINT('',(-0.0024,0.0155500000000045,0.0093));
#2096=CARTESIAN_POINT('',(0.0215000127000253,0.011210188380316,0.0073));
#2097=CARTESIAN_POINT('',(0.0215000127000253,0.011210188380316,0.0057));
#2098=CARTESIAN_POINT('',(0.0227500127000253,0.011210188380316,0.0057));
#2099=CARTESIAN_POINT('',(0.,0.,0.0073));
#2100=CARTESIAN_POINT('',(0.0063,0.0162500000000045,0.0073));
#2101=CARTESIAN_POINT('',(0.0045,0.053,0.0057));
#2102=CARTESIAN_POINT('',(0.0045,0.031752,0.00615));
#2103=CARTESIAN_POINT('',(-0.0045,0.053,0.0057));
#2104=CARTESIAN_POINT('',(-0.0045,0.031752,0.00615));
#2105=CARTESIAN_POINT('',(-0.0214999872999749,0.0112102370949208,0.005698));
#2106=CARTESIAN_POINT('',(-0.0214999872999749,0.0112102370949208,0.0057));
#2107=CARTESIAN_POINT('',(-0.0187499872999749,0.0112102370949208,0.0057));
#2108=CARTESIAN_POINT('',(0.,0.,0.0057));
#2109=CARTESIAN_POINT('',(-0.0214999872999749,-0.0112102370949208,0.005698));
#2110=CARTESIAN_POINT('',(-0.0214999872999749,-0.0112102370949208,0.0057));
#2111=CARTESIAN_POINT('',(-0.0187499872999749,-0.0112102370949208,0.0057));
#2112=CARTESIAN_POINT('',(0.,0.,0.0057));
#2113=CARTESIAN_POINT('',(0.0215000127000253,-0.011210188380316,0.005698));
#2114=CARTESIAN_POINT('',(0.0215000127000253,-0.011210188380316,0.0057));
#2115=CARTESIAN_POINT('',(0.0242500127000253,-0.011210188380316,0.0057));
#2116=CARTESIAN_POINT('',(0.,0.,0.0057));
#2117=CARTESIAN_POINT('',(0.0215000127000253,0.011210188380316,0.005698));
#2118=CARTESIAN_POINT('',(0.0215000127000253,0.011210188380316,0.0057));
#2119=CARTESIAN_POINT('',(0.0242500127000253,0.011210188380316,0.0057));
#2120=CARTESIAN_POINT('',(0.,0.,0.0057));
#2121=CARTESIAN_POINT('',(0.,0.,0.0093));
#2122=CARTESIAN_POINT('',(0.,0.,0.0093));
#2123=CARTESIAN_POINT('',(0.,0.,0.0093));
#2124=CARTESIAN_POINT('',(0.,0.,0.0093));
#2125=CARTESIAN_POINT('',(0.,0.,0.0093));
#2126=CARTESIAN_POINT('',(0.,1.94412679364643E-18,0.0093));
#2127=CARTESIAN_POINT('',(0.0032,0.031752,0.00615));
#2128=CARTESIAN_POINT('',(0.0032,0.021,0.00615));
#2129=CARTESIAN_POINT('',(0.0032,0.021,0.00745));
#2130=CARTESIAN_POINT('',(0.0032,0.031752,0.00745));
#2131=CARTESIAN_POINT('',(-0.0032,0.031752,0.00615));
#2132=CARTESIAN_POINT('',(-0.0032,0.031752,0.00745));
#2133=CARTESIAN_POINT('',(-0.0032,0.021,0.00745));
#2134=CARTESIAN_POINT('',(-0.0032,0.021,0.00615));
#2135=CARTESIAN_POINT('',(0.,0.031752,0.00745));
#2136=CARTESIAN_POINT('',(0.,0.021,0.00745));
#2137=CARTESIAN_POINT('',(3.46944695195361E-18,0.021,0.0057));
#2138=CARTESIAN_POINT('',(0.0045,0.0172500000000045,0.0088));
#2139=CARTESIAN_POINT('',(0.0027,0.0172500000000045,0.0083));
#2140=CARTESIAN_POINT('',(0.0045,0.0172500000000045,0.0088));
#2141=CARTESIAN_POINT('',(0.,-0.000120207380714582,0.0088));
#2142=CARTESIAN_POINT('',(-0.0045,0.0172500000000045,0.0088));
#2143=CARTESIAN_POINT('',(-0.0063,0.0172500000000045,0.0083));
#2144=CARTESIAN_POINT('',(-0.0045,0.0172500000000045,0.0088));
#2145=CARTESIAN_POINT('',(0.,-0.000120207380714582,0.0088));
#2146=CARTESIAN_POINT('',(0.,0.0162500000000045,0.0073));
#2147=CARTESIAN_POINT('',(0.,0.0162500000000045,0.0073));
#2148=CARTESIAN_POINT('',(0.,0.,0.0084701626945998));
#2149=CARTESIAN_POINT('',(0.,0.,0.0084701626945998));
#2150=CARTESIAN_POINT('',(0.,0.,0.0088));
#2151=CARTESIAN_POINT('',(0.,0.,0.0084701626945998));
#2152=CARTESIAN_POINT('',(0.,0.,0.0084701626945998));
#2153=CARTESIAN_POINT('',(0.,0.,0.0088));
#2154=CARTESIAN_POINT('',(0.,0.,0.0084701626945998));
#2155=CARTESIAN_POINT('',(0.,0.,0.0084701626945998));
#2156=CARTESIAN_POINT('',(0.,0.,0.0088));
#2157=CARTESIAN_POINT('',(0.,0.,0.0088));
#2158=CARTESIAN_POINT('',(0.,0.,0.0084701626945998));
#2159=CARTESIAN_POINT('',(0.,0.,0.0084701626945998));
#2160=MECHANICAL_DESIGN_GEOMETRIC_PRESENTATION_REPRESENTATION('',(#1197),
#2161);
#2161=(
GEOMETRIC_REPRESENTATION_CONTEXT(3)
GLOBAL_UNCERTAINTY_ASSIGNED_CONTEXT((#2162))
GLOBAL_UNIT_ASSIGNED_CONTEXT((#2165,#2164,#2163))
REPRESENTATION_CONTEXT('bottom','TOP_LEVEL_ASSEMBLY_PART')
);
#2162=UNCERTAINTY_MEASURE_WITH_UNIT(LENGTH_MEASURE(2.E-5),#2165,
'DISTANCE_ACCURACY_VALUE','Maximum Tolerance applied to model');
#2163=(
NAMED_UNIT(*)
SI_UNIT($,.STERADIAN.)
SOLID_ANGLE_UNIT()
);
#2164=(
NAMED_UNIT(*)
PLANE_ANGLE_UNIT()
SI_UNIT($,.RADIAN.)
);
#2165=(
LENGTH_UNIT()
NAMED_UNIT(*)
SI_UNIT($,.METRE.)
);
#2166=PRODUCT_DEFINITION_SHAPE('','',#2167);
#2167=PRODUCT_DEFINITION('','',#2169,#2168);
#2168=PRODUCT_DEFINITION_CONTEXT('',#2175,'design');
#2169=PRODUCT_DEFINITION_FORMATION_WITH_SPECIFIED_SOURCE('','',#2171,
 .NOT_KNOWN.);
#2170=PRODUCT_RELATED_PRODUCT_CATEGORY('','',(#2171));
#2171=PRODUCT('bottom','bottom','bottom',(#2173));
#2172=PRODUCT_CATEGORY('','');
#2173=PRODUCT_CONTEXT('',#2175,'mechanical');
#2174=APPLICATION_PROTOCOL_DEFINITION('international standard',
'ap242_managed_model_based_3d_engineering',2020,#2175);
#2175=APPLICATION_CONTEXT('managed model based 3d engineering');
ENDSEC;
END-ISO-10303-21;
